timestamp_us,particle_id,x_m,y_m,z_m,vel_mps
40000,171,-0.07899238434077839,-0.1159985701787642,0.4399514796174238,2.580013994409214
40000,126,-0.32658826791350426,-0.17443324042270722,0.4857666270701495,1.7866637647914667
40000,214,-0.28908806158199785,-0.09445981109156384,0.42028789460166815,2.4602614536997254
40000,243,-0.01587066222060551,-0.009932689161047632,0.15069502345849117,0.980146469517772
40000,284,0.055255373770839035,0.14439041023387197,0.41662419154783553,4.411788147311076
40000,323,0.07178347132925372,0.09070542792748355,0.12392213574378853,1.4881072335251173
40000,330,0.06423486790069007,0.10730879094313676,0.14147505580348865,2.9852069678066817
40000,350,0.07236029429251582,0.10410098726509098,0.13573623972445525,2.5135775890785728
40000,331,0.07446483686824037,0.09968530025209558,0.13031730761343405,2.4711378045967844
40000,327,0.0794804812340548,0.0896380557803598,0.11740265498303182,1.7487799066124063
40000,326,0.0783427958921593,0.08209504536812057,0.10866960581717446,1.373881901382136
60000,130,-0.42900347720095455,-0.2818367316808977,0.6726374473362838,4.3949489639639845
60000,243,-0.02284819732093801,-0.006376527658607851,0.1625650785547827,0.7110388327946707
60000,126,-0.3086260262753485,-0.13864868990069884,0.4587436717482303,2.4152723940893854
60000,283,0.12090526845939721,0.08382514607284916,0.5746850859972404,4.377548284976367
60000,284,0.04200437298581343,0.09755914465053853,0.3686803246163695,3.4159079445601215
60000,277,0.04805487317530296,0.08866917897732911,0.3418275817204781,4.007925123350243
60000,307,0.012931486875655443,0.1895447118165313,0.580733564444796,4.591064629552819
60000,350,0.12896589056015728,0.11454979903744587,0.14712707427591123,2.933906230628362
80000,160,-0.09065571088519722,-0.09504249561224201,0.22479053738360916,1.6847122198064712
80000,262,-0.04086456067362061,-0.009276239854470295,0.2489235452392917,1.3650985387789267
80000,126,-0.32226050263274914,-0.12971320743363124,0.4637184131272684,0.8521881310017512
80000,165,-0.022668227601037483,-0.04193024861408706,0.15315475485638758,0.819328926632929
80000,220,-0.24021403756054405,0.002377846079153818,0.546110059588947,5.118715497602907
80000,283,0.0989625373974867,0.07046581782061269,0.5249859449605346,2.797302145636359
80000,277,0.031966380700988006,0.08655458530883586,0.2864282555296385,2.886345630238159
80000,284,0.05858752239362318,0.09355235566970824,0.29632577198104476,3.7169330399122824
80000,275,0.06916026254081413,0.14565754113879364,0.43238885673356475,7.266887227853704
80000,331,0.08275315072824273,0.09987111491895016,0.13144616111405688,0.41834490542551667
80000,350,0.11986686333235431,0.11294818319190474,0.1470041275218597,0.46198643300783193
100000,126,-0.3420163058688723,-0.11550062094885315,0.48232779735438086,1.5318277949919923
100000,290,-0.04584861290453539,0.03974544906196614,0.23245540389506775,1.8642568125525303
100000,291,0.04331561096270961,0.024945597209898054,0.1825248330953863,1.6502939586474776
100000,270,0.0010820575019610636,0.07799692548192069,0.36259426291192925,3.2694897363530475
100000,281,0.024186808957249308,0.07091768657094998,0.2385609559706637,2.3381029767624795
100000,280,0.03065498413082552,0.06304031875603343,0.24733862481195837,1.9871924649832113
100000,314,-0.006576595099900987,0.1063489510721083,0.3714978684332676,4.557037981620721
100000,275,-0.022177329235058715,0.11945167098658303,0.4155200965424461,4.825416658754969
100000,277,0.03432020569260758,0.07335542025043736,0.25609507534507925,1.6582070667131412
100000,284,0.02608477826447455,0.10949749194573456,0.327402354759662,2.3855972753076986
100000,315,0.055462237378270746,0.12421885688356074,0.34845091931488253,5.13552837133822
120000,247,-0.048864150703483294,-0.015082570800778914,0.22637418068452764,0.8667249629511139
120000,282,0.20273364793284473,0.08629382130012692,0.8589917545334264,7.443648599329166
120000,278,0.03980366560604371,0.037526256635845315,0.2127217639184534,1.3531701430898126
120000,271,-0.016317948640624146,0.05763608387786945,0.27577802527919254,2.040609727815039
120000,281,-0.009261390155790864,0.06029704188723158,0.2620147480993065,2.110486011927682
120000,314,-0.0048736938163226814,0.09822542775694282,0.3608947837299116,0.6732698364329721
120000,277,0.015262402418503657,0.07045305558555782,0.271070623328862,1.2205435507356623
120000,280,0.02129591818966866,0.0776334207593961,0.2882168266193425,2.2201228143825134
120000,284,0.013026016899229475,0.08978589509208523,0.31118390504440957,1.4336286217858056
120000,275,0.04657349874401449,0.13937062569668315,0.45750623291738124,4.1491796635738085
120000,272,0.03788083413437118,0.07003245556479,0.242157381434006,3.142830253941357
120000,307,0.015319839436599977,0.17451147067137768,0.5606586843681646,1.2596660047159738
120000,283,0.03025219434775064,0.15371369448109448,0.48438090356639835,5.766300719939674
140000,247,-0.054333873700529126,-0.023491788776759153,0.22363838479140055,0.5198975759724511
140000,213,-0.7763741852774445,-0.10434014603542238,0.9856544755492282,4.39220100379605
140000,276,0.1159662780983153,0.07479283706219242,0.5013664194986586,3.7275537262474607
140000,290,-0.03514300579510086,0.04893055687427428,0.2528796131793554,1.2410928188432182
140000,307,0.11411173237165008,0.09410722025077867,0.5657904615585617,6.373973786524517
140000,281,-0.025175371267427877,0.05100085180627055,0.25797399308872754,0.9434002940141808
140000,271,-0.020401035624045678,0.06032794022841554,0.26418310639467546,0.6292055186198952
140000,277,-0.031040605895195465,0.06661973460567998,0.28350433598715663,2.404818152741646
140000,291,0.030402174937757057,0.035637772277589144,0.16255014587717515,1.3039052564451008
140000,272,-0.0043532052921043795,0.0552389010584497,0.23504059345452513,2.2656191274980646
140000,275,-0.012784591746969273,0.11961053599353037,0.43924031134096636,3.2586377302671274
140000,283,-0.048868394414490125,0.15413730854136343,0.5542076372319068,5.2763670620393555
140000,314,0.014849470953711957,0.09533053797364062,0.3511948710786644,1.1084582996725998
140000,284,0.006561383799349837,0.09909440599081266,0.33569168715978387,1.350065961798207
140000,280,0.020537614540510226,0.09029021504665567,0.296104118865361,0.7466238092715045
140000,315,0.05016942373606988,0.14240941208382268,0.43190603916921316,4.278921360765332
140000,270,0.06079668604673547,0.12594459255802626,0.37062997336116965,3.8501260637495616
160000,126,-0.36522304292271035,-0.09744773106606057,0.4944346650924654,1.589839397733061
160000,214,-0.30694057771178646,-0.08037043982933423,0.4356605860869771,1.3725363002775142
160000,220,-0.32212028553605715,-0.07705695210602936,0.45096833815940207,7.4280663326205145
160000,243,-0.03731087278376595,-0.015938481487696946,0.17246248912568607,0.9981967223219916
160000,262,-0.04786691178654184,-0.005306137061124595,0.23788778713877212,0.6829761967878965
160000,171,-0.17521540421756512,-0.018622691115980177,0.385168691073894,7.372598812166496
160000,290,-0.04842373003753275,0.02003264955176955,0.24729368372904773,1.6145195042545981
160000,281,-0.04495249157019278,0.03286728789836463,0.23627653921267303,1.7253551316871383
160000,277,-0.05896454936327547,0.0509328992592458,0.2774422520246305,1.6298560396269521
160000,271,-0.016602407948491958,0.05962850888505655,0.26528071410074705,0.20077051014767672
160000,284,-0.04436168995210875,0.07375709862441698,0.3172576070717093,2.9895459076460287
160000,283,-0.0072279567959623574,0.14633503031553735,0.5256541835406703,2.5544575296299654
160000,280,0.0510982926077358,0.10028748632506479,0.30982244332075354,1.7479222685849962
160000,315,0.03545516464147519,0.15327467928900496,0.4571910114332721,1.5603631584803446
180000,171,-0.1771907709468804,-0.1006336593251194,0.3141081129392029,5.426625734550034
180000,130,-0.5189735386830135,-0.21986274259164507,0.6692802848600855,5.465038386555915
180000,160,-0.07348690737699431,-0.05914103957530249,0.2119388189089375,2.090962115407521
180000,247,-0.06389573653027165,-0.05500455223326645,0.20170155101835036,1.978451514080538
180000,126,-0.36869642736360525,-0.09311157346250838,0.49414347519690016,0.2781701538284326
180000,243,-0.05281472198337171,-0.034323924704705175,0.17802439060062802,1.2342291220706465
180000,262,-0.060115948801137915,-0.03689436232382237,0.2214985673618046,1.881795291689313
180000,220,-0.30115759447426393,-0.07930168374282348,0.5383827110155431,4.4960387616506
180000,290,-0.05768008698166441,-0.030281775641784137,0.2308422216984414,2.686946282203724
180000,277,-0.1375498768176983,-0.03155339664907553,0.3429203707638432,6.570202952995524
180000,281,-0.054448699698704896,-0.02126550594713582,0.2344120641415827,2.749551602366369
180000,272,-0.049969608254841986,-0.008704735983216938,0.22727967828640486,3.94647841170518
180000,271,-0.0029371057018020936,0.06866856211338211,0.26062603433723414,0.8516588101540472
180000,315,0.10203420189132333,0.1340218143459855,0.45152898424289395,3.476887818702019
180000,270,0.05174596459460718,0.12939898446662115,0.3659016021939596,0.5389941469002336
200000,356,-0.20023008798630051,-0.07434496320261516,0.31719051584024094,1.5242250568397597
200000,160,-0.12797081157800022,-0.05788396060242751,0.2467339266017383,3.2329458640232587
200000,214,-0.2688525718741023,-0.04951206668695985,0.42437656580645156,2.5150867258291454
220000,352,-0.660252161908154,-0.18287681694445623,0.8077822048191402,5.981720318534152
220000,262,-0.07251448510796966,-0.034241837889921425,0.21695365380766227,0.6734534646857444
220000,271,-0.06873642778805318,0.08238661437305998,0.2522649496626608,3.38660725570033
220000,284,-0.0517863166841911,0.07927724154458733,0.23020279646543493,4.3772528798506025
240000,284,-0.08449812386865123,0.05281592178510222,0.2016486826008812,2.542440358826984
240000,275,-0.014078823774567102,0.06878205864023783,0.41960675437768485,2.725199857636983
240000,270,0.052868958003590816,0.09772396860683108,0.41884295860903875,3.0851883909183786
240000,280,0.07497563671315885,0.06880530173640285,0.2906112840985535,2.196772716204435
240000,314,0.061771292956170315,0.09417415642549894,0.36720420576787094,2.47956316490743
260000,130,-0.4963001333194636,-0.15581954389334804,0.6595401990918636,3.4316482486779325
260000,314,0.012848337876643159,0.05812443032609641,0.33783523843302,3.374749815864473
260000,270,0.054725529377534464,0.08046788530615007,0.3627011649989825,2.9381628009271137
260000,315,0.10345483687521963,0.10491470072099661,0.42823137587714244,1.8654897633727576
280000,275,0.004144377163460538,0.06609704065900775,0.3900063379265938,1.7431860400322188
280000,270,0.057164972423254676,0.08599589467363376,0.38135117833532783,0.9802203417933133
280000,280,0.07446809292184048,0.06647387321987187,0.28418628414482927,0.34268711689074455
280000,314,0.08013690724558069,0.08078643815245042,0.2914377901587638,4.240884746371424
280000,315,0.06829574806237348,0.10219316614472614,0.3682297982889894,3.4798554530564156
280000,283,-0.0340749329012795,0.15860052800552868,0.40424316846238467,6.247366873716147
300000,130,-0.4953682389163447,-0.19457287505235743,0.6874829344631193,2.389291507500935
300000,270,0.1413408977883584,0.0469471142772209,0.4427855888951941,5.564301497572942
300000,315,0.06610505722016477,0.08282752181586371,0.36505970991773634,0.9872648668413309
300000,275,0.07079332785850341,0.09412052293919461,0.3709408614711636,3.7386129046515246
300000,314,0.04122910945066644,0.14809896077069523,0.3460862574377036,4.751643769901897
320000,130,-0.48456468258203866,-0.22084973547783468,0.6976649739858594,1.5090263020663173
320000,270,0.17119735764631802,0.03424675345143484,0.4604370937567897,1.8468100770206777
320000,315,0.006565462555870858,0.058933001254777156,0.3782436994512228,3.2748011487919713
320000,275,0.14951323503406813,0.057946356927757604,0.43589137712493586,5.413862658962509
320000,280,0.02092444819784545,0.05696236517777037,0.3324148887216212,3.6343462187128384
320000,314,0.0645292533731804,0.0880836974261924,0.37348014921538947,3.4982688032251943
320000,357,0.08020606817275353,0.04734453948916472,0.23502073815531074,6.507832362149614
340000,262,-0.04894440025232327,-0.06312966811555396,0.20787540788116285,1.9186389605325327
340000,270,0.16775560694970987,0.025438071990542908,0.46962273265024923,0.6591935960287012
340000,284,-0.007229698438602963,0.012648132315103831,0.15028626221503322,5.055185235784544
340000,357,0.026756985210972528,0.034768628778323506,0.13496070819623276,5.706787098506913
340000,361,0.033160725715546985,0.03208623516921465,0.12617040884066705,5.688414564539709
340000,280,0.08363522359556781,0.08205018237357412,0.2859003070936364,4.100501867655992
340000,283,0.0008019245137007228,0.16009428352498611,0.4029086017203907,1.7467166034345745
340000,314,0.041521722014718355,0.1527158435061135,0.36644803303228546,3.4482283364503097
360000,262,-0.04042885241488966,-0.06845920414480113,0.20687190745489545,0.5047908536319345
360000,284,-0.012923903918227413,-0.05151097219889102,0.13568922421804763,3.3022296204107833
360000,357,-0.017038199727941985,-0.06082395933034255,0.17763487302757888,5.673853511767753
360000,315,0.06872922320471142,0.0809981388079468,0.3754987124104498,3.3010371048734997
360000,361,0.027330373165751043,0.03404788888577647,0.1346970878638001,0.5257027470970411
360000,283,0.0027067768892782736,0.1868421612263266,0.47951788825313707,4.058343321835599
360000,314,0.03866119652668402,0.13852737093078674,0.3386263270781674,1.5680742028726677
380000,262,-0.034004635615799104,-0.07880162304840665,0.21069718479990954,0.6381005740195904
380000,284,-0.01274443662739721,-0.06123578362952758,0.13849254041698164,0.5061194216317016
380000,270,0.16494435737914784,0.058657417885263116,0.46591761495918893,1.677167226997399
380000,361,0.027202563319520572,0.03004735165594537,0.13404398460334216,0.20277559858670716
380000,280,0.09257307170869536,0.056112616323494076,0.2431259103594901,2.540812604987697
380000,359,0.11588791841876327,0.145024014834237,0.5086384162190792,2.34514009873452
380000,315,0.11827225273899607,0.10874393080293882,0.3766448867558573,2.8397422702132817
380000,357,0.04262058422818106,0.04678819624614876,0.13952411702077194,6.440492266580387
380000,314,0.0026586295443310325,0.14913466266481318,0.3924894206303842,3.2825037373415196
380000,283,0.042449880294212324,0.178341590419316,0.4389553938347578,2.8710145966806455
400000,366,-0.3319128668565936,-0.020289193008797873,0.6104953936504093,6.220548363715985
400000,361,0.04008979775155065,0.005015068949251911,0.10678902033003912,1.959291368296808
400000,315,0.07930210882148726,0.08453217031337726,0.3725906938136854,2.3028883729827196
400000,280,0.08066053519260033,0.09452945663168151,0.3411861775280128,5.299428776451788
400000,314,0.0006088563328418466,0.13985084262062233,0.3861175609284564,0.5722575488635125
400000,283,0.03455544675411251,0.1633168131464768,0.4139680944134663,1.510323761140927
420000,357,0.0653866977888468,0.01925720423810631,0.19683235034992155,3.376568174534715
420000,361,0.07263349805225601,0.016898896650223615,0.1729351816751429,3.7335078849458103
420000,284,0.04155387335687526,0.014983792540035549,0.11212378430028577,4.861337665128232
420000,275,0.09384472846505171,0.09003043383996553,0.44512693789719276,3.2456379179258232
420000,280,0.08914665012040361,0.08154552780492814,0.32993353627340677,0.9581472871523248
420000,315,0.0924513581912643,0.07641828984905909,0.29958690381362213,3.731049171999468
420000,283,0.050716263908323386,0.18693616856903256,0.45538924128654706,2.5173186975183417
420000,314,0.060667586931605455,0.1671418607824629,0.39444595132793436,3.3246100824348153
440000,262,-0.05556568953484978,-0.12324125945004427,0.19755930909520875,2.5555645695433586
440000,357,-0.005116001673756033,-0.09112081265104102,0.21624778026090377,6.6202145287224745
440000,361,-0.010764681068844345,-0.00325964203292811,0.20197461150130275,4.529048312610422
440000,284,-0.0025006279153118862,-0.004675344437887438,0.18968721897948707,4.567101692619895
440000,370,0.037326560905766165,0.010837577772650367,0.11818486816504989,0.6091659440735689
440000,270,0.1821026994256874,0.06840850702236381,0.4360092135973579,1.7916507145409981
440000,275,0.11178972506738294,0.10617664306796347,0.46395720379506666,1.530769323964749
440000,315,0.08783049605212623,0.0669094692679213,0.3100789361793115,0.7447361595153383
460000,372,-0.06435331690959714,-0.07503715826733894,0.19034822552541958,0.8667579841857722
460000,369,-0.16445692500735729,-0.02149919752443367,0.461427260700921,5.29686187597527
460000,284,0.0004004897809460313,-0.006325378702164804,0.19869475161616657,0.4802987121617039
460000,370,0.06954845424975754,0.00871693223334636,0.18273949462856798,3.6090328850050937
460000,270,0.15160604036137917,0.042770185486152655,0.4567343641678641,2.2454963880225662
460000,275,0.1685509410972898,0.05724019932482627,0.4506754754818399,3.8055930807186145
460000,280,0.08627471203831719,0.06934026098123053,0.35521460511808,1.4109828210454052
460000,314,0.12390283805606782,0.10425932115392923,0.3848655939827766,4.484610914496609
460000,315,0.060950077759778856,0.14902308548067172,0.3583024099581821,4.947399892470754
480000,262,-0.0326315521258296,-0.1435120267960247,0.19833147320099248,1.530910599036523
480000,357,0.02220746782941193,-0.09681630452883022,0.21171767447371123,1.4138002615854792
480000,370,0.06857612120514704,0.006719444238374879,0.18857978280899448,0.3124274150507853
480000,275,0.20542190581020583,0.02906635303669429,0.5160877323716085,4.009986597527938
480000,270,0.1981544738998835,0.02842934482048062,0.469406681789976,2.5164478982299805
480000,314,0.1575118855732848,0.03745171361942801,0.3692847691232697,3.8195505634829345
480000,359,0.16553481685164972,0.05172827445278464,0.46062631875317683,5.8038933485213215
480000,280,0.1693995003713391,0.058059398491428126,0.4250338761352574,5.457041070784972
480000,315,0.08061546824897273,0.057631718348131106,0.3248576699288326,4.9642875130974415
480000,283,0.12056125203976896,0.09954230485243772,0.45525608161750786,5.593752656735455
480000,284,0.1004778114568876,0.05311586580941008,0.25378322826158833,6.438841534396519
500000,262,-0.005509499303680815,-0.13670369131296528,0.1802546732243085,1.6648797844997376
500000,357,0.024428290019116505,-0.11715058955051952,0.2379868395065226,1.6646953400417308
500000,372,-0.07438739640993698,-0.051216438590063924,0.19491945540142322,1.3124457893011479
500000,361,0.007978017431103756,-0.011945381714448096,0.1591748294002509,2.3762113588507887
500000,280,0.1766105399700548,0.06175499814501125,0.4426108547279602,0.9677379879674841
500000,315,0.09520971133560636,0.06741879064593082,0.34975584091491,1.5237270374693597
500000,314,0.1159497869897608,0.09144473488740634,0.3601350206000077,3.4374308292494637
520000,262,-0.0038478809578498903,-0.1552090382965366,0.19891491315494633,1.316637190704547
520000,357,0.04862848372700325,-0.10266943728162876,0.21220710569215584,1.9104631781806516
520000,372,-0.04681289689000081,-0.03448883935342237,0.2320761130626682,2.4600725642507006
520000,375,-0.06005800840886496,-0.039059946808366386,0.38717812132165885,3.695932906269121
520000,361,0.026161347956534974,-0.02034052730000347,0.20686412502810517,2.586204214616775
520000,370,0.042810376210305146,0.010747228768516618,0.12044123510614173,3.6479303537808976
520000,315,0.10198792903374196,0.08178472275234659,0.3357268318419031,1.0596430248201238
520000,314,0.1290766681827503,0.09920870737842483,0.3758720912612052,1.0957299755091081
520000,380,0.024136402588255713,0.07129600987854502,0.22802975494081468,3.882867936468795
520000,378,0.03152255065831674,0.1272810035812965,0.373722055233387,1.138471728764041
540000,262,0.010473660903370572,-0.10239104207344832,0.1396854415064099,4.0320520823985015
540000,357,0.021220217676589593,-0.11939729438983118,0.13968588207898938,3.9655901596337424
540000,383,-0.13222440997356202,-0.36872060601617196,0.4601379129304645,5.2843900170222184
540000,361,0.01710439173742045,-0.15504289001444757,0.19308878614515465,6.785373043935895
540000,374,-0.08132426476351502,-0.1888476967279561,0.25157526260735663,6.252648055552705
540000,372,0.06061444484964106,-0.10173675167599083,0.20654307568887956,6.464296454858978
540000,370,0.016877588558557702,0.0017893498198489088,0.13879767708904608,1.6505393307350649
540000,280,0.16264794847909322,0.04557020068744588,0.43793396140922036,1.0940463438547292
540000,284,0.10067641619697532,0.033698039231066006,0.2489390874564676,1.000696173932511
540000,314,0.12277972392517089,0.08735929499877908,0.37256926137323515,0.6909572454118132
560000,361,0.024670113655681045,-0.1758342427818748,0.213303515719488,1.4984623700709665
560000,374,-0.07947624091643153,-0.14369033477994433,0.2798663429842184,2.665983757983713
560000,262,0.0005916610952043146,-0.09007158116889681,0.17031822191737298,1.7232166672343132
560000,389,-0.07153643966692425,-0.09727780927380347,0.2124655074121398,1.300382489890996
560000,357,-0.032519430637188006,-0.07818913280431218,0.17030250355875332,3.715992429009338
560000,375,-0.04358844842187176,-0.09478608687271035,0.4871419817211951,5.781310941000756
560000,372,0.054370504030739585,-0.036645016760378075,0.2042138026533975,3.2715998625092313
560000,370,-0.002670990765990365,-0.009160056797528864,0.152048132582538,1.3015481451581365
560000,380,0.04425346093301142,0.004432314374678553,0.11825578651297206,6.504954641901253
560000,314,0.13127689602951953,0.08926918620977124,0.3865352972045081,0.8229516617778121
560000,315,0.13555971954745097,0.1078641277380125,0.38461157928883,3.2391816156448234
560000,284,0.026060072516726828,0.07419654235780267,0.23678320020372035,4.288208569617609
560000,382,0.032284703172157564,0.0721403067928403,0.22189783403538235,4.478153700048226
560000,381,0.05184481947699457,0.16122791573436474,0.4108939254005853,0.5968504148607868
580000,262,-0.016481811858504825,-0.14112077727097452,0.15439653908968215,2.8066990778470573
580000,361,-0.03147788785420531,-0.15583460376234645,0.1707527020613354,3.661678364301153
580000,357,0.02917362231330474,-0.09114523218639652,0.10217355297172225,4.64097166594477
580000,370,0.004162425603730889,-0.09043293293540285,0.12636575181463827,4.275383215839127
580000,389,-0.026473432171370492,-0.1388554948433138,0.2265344887116755,3.1453596045079197
580000,374,-0.04481115065311686,-0.0939010856543033,0.20438275001287112,4.842109720804282
580000,359,0.1773256605667236,0.050145332458817124,0.44901119544423757,0.831325433196031
580000,280,0.17083501041467639,0.0544096482171572,0.39323335565741097,2.3147937112982064
580000,384,0.14425840597869918,0.1767372461240934,0.8249477840687993,3.8407151890044107
580000,314,0.13256673103789968,0.06840767616161776,0.32214282657856935,3.3849876473742233
580000,315,0.13419452064071152,0.0890079689765909,0.39214654171682883,1.0175880184070731
580000,283,0.1387995214161729,0.10301264135990819,0.38831854092606144,3.4732233080887562
580000,379,0.05226470509470983,0.08499440501303647,0.28822828376534343,2.4818055975286306
580000,378,0.04738076011124484,0.09694170692080586,0.30756170673923666,3.724629995641719
580000,381,0.05121585879392504,0.13585074534307362,0.35189981004968224,3.211192151929375
600000,357,0.03565121623100387,-0.09774791924649948,0.11101284377770239,0.6397025897418052
600000,361,-0.02531038894025168,-0.1610271891425416,0.18669122676351338,0.8930811209881406
600000,370,0.03809966357731218,-0.09331803859388688,0.1079733152831036,1.9354209345143991
600000,262,-0.011715825029564945,-0.11867337077916197,0.1601545154889319,1.182957079606667
600000,374,-0.017049898858570528,-0.10623316815144096,0.1647795482834341,2.495586577910539
600000,372,0.10412619735383025,-0.1042304517934763,0.20809255818891365,4.200733504752142
600000,380,0.03913433118798414,-0.005516461330221472,0.15315625788279336,1.8325027484348748
600000,359,0.18037928176696816,0.06272070488829426,0.4574930767058857,0.7736389725048339
600000,280,0.1750592137838108,0.05821453121103941,0.4134831536598521,1.0516360442669912
600000,384,0.15839363605459453,0.19857494137682918,0.7904865475884119,2.1588576163141484
600000,283,0.1417318086196513,0.10216557370400806,0.3951721685313938,0.3751267892657398
600000,315,0.1399945607342843,0.11289942081322922,0.3929700638710091,1.2299594756412564
600000,381,0.06439144731652577,0.15323740879343636,0.380177725575118,1.7857300365094013
620000,372,0.08667282381315855,-0.1638051830354031,0.18198425517602704,3.3672735026690104
620000,396,0.08496860592826411,-0.17049596120707625,0.1900602450873156,3.1748200781237577
620000,262,0.005018390497208091,-0.11849589514880116,0.15770994492444268,0.8456379132652325
620000,388,0.003140289966583662,-0.3389728277207081,0.5159822657369624,5.024448129644742
620000,357,0.12093154288397323,-0.1052521854989721,0.21211000494433116,6.623761039239049
620000,374,0.0014380217823359832,-0.10258252075726407,0.17160133308753056,1.0020818129455158
620000,380,0.02334666736100008,-0.032637217792394486,0.18357260799529906,2.185143081334084
620000,280,0.17599151699700802,0.0534104115198928,0.4090608573824366,0.3297933430704888
620000,393,0.11271557826623194,0.23222052393039522,1.1636507517221915,1.3121107122019133
620000,314,0.1192258184696268,0.04801641885351442,0.28453382573632185,2.240658534399961
620000,382,0.05164698941040707,0.06435669095637353,0.23116917894636355,1.1417537391223853
620000,394,0.06718690119977548,0.05121543457939826,0.18224644078133997,3.020276225053271
640000,396,0.12124177365142859,-0.21109614446845104,0.23937679444638177,3.672955083517647
640000,401,0.05776850917116927,-0.42131483340262094,0.515955296601867,2.9283566132314935
640000,262,0.012111458594092687,-0.13127851577322333,0.17509295864711483,1.1356453794402035
640000,374,0.01838401917749352,-0.12407380399084539,0.1653706031264972,1.4034458295477763
640000,361,0.010507846585166304,-0.12972667113881556,0.1775785282738431,2.421626363221385
640000,370,0.017371087133300236,-0.10991429296857638,0.1576013716720717,2.8142732283891894
640000,380,0.07589814445823012,-0.05792421930872383,0.11844025641131348,4.371302269818299
640000,387,-0.12327512146672778,-0.21699753193797883,0.41158519377380054,4.273549018139186
640000,389,0.022728379727749416,-0.12353887883738875,0.24649473945729333,2.7630728500427173
640000,372,0.03401322166760303,-0.1065183525555239,0.21931623894413368,4.315232223363184
640000,385,0.1906603803165972,0.37753752845000405,1.4197999902329907,3.123667299787489
640000,283,0.12282404515339057,0.07569601127933448,0.4162883075761671,1.9390929467201625
640000,379,0.05581471341790797,0.08938439356600823,0.26267586233371354,1.3084349426028197
660000,401,0.10657784636479939,-0.3588067450188785,0.48858880033234736,4.19479964621103
660000,361,0.017489286485727944,-0.13694021273986576,0.1989706337829764,1.1815221788323822
660000,402,0.047278158167964254,-0.21705956932349554,0.3332259925876641,4.216035882906857
660000,388,0.02712195180854033,-0.25587895837697605,0.4217972224344952,6.393460254256452
660000,370,0.027318968001089267,-0.09178305106296614,0.1545035661625512,1.0455843650493915
660000,397,0.14574005552271643,0.16010615770815212,0.67022688583363,2.8648281169276872
660000,314,0.14238350200457453,0.06875492373587892,0.32771071567254484,2.6601727932717827
660000,384,0.1669796024270718,0.20658330650731402,0.729146003730346,3.1227051779730095
660000,381,0.061788276292188735,0.1479070819746023,0.38543685972871583,0.39638168292401227
680000,396,0.15499527010957753,-0.2833523418744955,0.30962556919606604,5.313931440224699
680000,380,0.06298261640056119,-0.06627510904298292,0.15823357695476287,2.1331060593861118
680000,370,0.06202199369097563,-0.11956173619275241,0.13332251338426512,2.4620074818982896
680000,401,0.16844035932389056,-0.40204326973837423,0.47774840312209316,3.812440750723012
680000,374,0.04400464058905407,-0.11263560884934203,0.1586855640069702,1.4421670305821308
680000,403,0.14249683541966285,-0.4065859524458652,0.5971083836897466,6.778017325471568
680000,262,0.04726695471374184,-0.11651390603608537,0.17519835344535747,1.9065110255202777
680000,357,0.09709799544131235,-0.059557552113378494,0.11674776693767079,5.419869449900133
680000,394,0.0826065709501998,-0.04547767069964212,0.10822553616735277,6.137266725421979
680000,372,0.08556816059307547,-0.034999970146330404,0.10020006789396484,7.409698535650745
680000,405,0.10628604733684334,-0.04316441470863911,0.344119288795812,3.4163297826422014
680000,382,0.07562214794390283,-0.0020917193724344614,0.16660821917014818,4.784954803641825
680000,284,0.03116692590112709,0.034588967871646184,0.19905412820248028,2.746963224290121
680000,400,0.1634937193997029,0.15592963650235084,0.848692139083886,5.689619524749006
680000,381,0.06068556873946886,0.1415699744699378,0.37722971994604076,0.5213732801095307
700000,380,0.07184304433371602,-0.07186795528527042,0.1527928708374511,0.5903143131066988
700000,370,0.15424676783941813,-0.16024549804993116,0.18919534820482425,5.7624541465569035
700000,262,0.16640750944494176,-0.1689179630498527,0.2124043273106367,6.768482375027665
700000,374,0.054964138837854996,-0.12629285147365368,0.17798150337024105,1.3028470304258775
700000,414,0.2124720972115161,-0.40863830507292925,0.5839254213063947,2.7463443069737163
700000,415,0.23473639725656806,-0.4955727685494151,0.7326813440199261,7.073524950301425
700000,357,0.055450245908712364,-0.09941127600010934,0.149304556814407,3.310135539463572
700000,361,0.042134499484127196,-0.11518664950361815,0.17785867956773618,1.9534064144439391
700000,394,0.054339893069265906,-0.09894107953912522,0.15168558377798178,3.7236127958879988
700000,389,0.06414296968621176,-0.11123675384655442,0.20859623107982386,2.8735028614718674
700000,382,0.041550575679122466,-0.10471874910277404,0.1997483155002136,5.6549635835768575
700000,372,0.11190028802884275,-0.05673180894015871,0.12326008911996378,2.0599868516558244
700000,284,0.06423309734335678,-0.0980363898131353,0.19502707380536588,6.837227940104906
700000,405,0.10049568441244924,-0.11016887303574154,0.30080282537249275,3.9998255405731
700000,379,0.10682403802630794,-0.021689436160003867,0.20473550156000742,6.763215258587345
700000,280,0.18691739004584093,0.058889768610867956,0.39460367598424656,0.9465835277325039
700000,393,0.17442720701904724,0.20373201892449666,1.0524765227514545,6.51529531718138
700000,411,0.15743282223495617,0.14775991013310605,0.6215154195928184,0.5546673196908161
720000,370,0.09011604697694155,-0.18121835043576368,0.19960886969647432,3.4135946322739708
720000,374,0.09818944130642032,-0.13922578324728777,0.15351263316218053,2.5663267070948628
720000,420,0.10192814293793377,-0.07903126579415976,0.18326836096196863,0.8981063165066456
720000,262,0.13034167137620628,-0.14246154296392693,0.15440021968506165,3.6623637656582253
720000,413,0.23182227877398287,-0.3831716127902934,0.44014516272734616,3.5049812759209833
720000,414,0.2912755541559512,-0.4685751184160814,0.5747173349997826,4.97171883596491
720000,416,0.25167441626949627,-0.36838266353575905,0.5663013837126212,5.523965405411135
720000,394,0.07637574788124682,-0.10086894621316031,0.16156464428878367,1.2112920826370108
720000,388,0.1266451423678503,-0.25890950052868045,0.422519595463536,4.978597058316496
720000,402,0.1264496247924481,-0.223696143780844,0.36987383270691665,4.374708399826776
720000,396,0.1263622221848384,-0.20770810346112173,0.34633949347902904,4.441231381850892
720000,405,0.12614350204106892,-0.17051073042325013,0.2874461240451368,3.3456508232455877
720000,284,0.07603662252913129,-0.10838599593477712,0.1926681490206603,0.7937286687279183
720000,389,0.06075720890285328,-0.10827792234219724,0.20572223290032995,0.2668235629073972
720000,372,0.09598083679949314,-0.05507894463010243,0.11506497931538102,0.8990560502274969
720000,421,0.1154611918602295,-0.06690518800466409,0.1827828096748902,2.354567625424211
720000,379,0.15120018764731355,-0.03485345469921747,0.22380712761762686,2.503128522353729
720000,423,0.08283588957127029,0.001994375766829147,0.1509572761715847,2.8613931672526713
720000,315,0.14819042562190798,0.09161183704688831,0.39917995767840625,1.1820492851022684
720000,314,0.07450050706601864,0.08246253231665836,0.2767519532755993,4.299068212956214
720000,422,0.0806347800043983,0.07111506690900854,0.24318484884576813,7.06997895258899
720000,381,0.05816656940496033,0.12955226644141923,0.3512876253257183,1.4350635327362156
740000,421,0.11805121969413475,-0.08035166343097923,0.18603306945999312,0.7037047218854617
740000,262,0.19352468113385318,-0.14364340945602005,0.20560224595427537,4.066674631843961
740000,416,0.3204812746223252,-0.3968540864203986,0.5869470847177104,3.863693390867662
740000,394,0.0869583996296932,-0.09710514000587037,0.15178251513164176,0.7447294912280827
740000,420,0.17452045001266606,-0.11748816677687943,0.19302466857966202,4.136351598316442
740000,374,0.17199114048537031,-0.11084572927644011,0.18315057983137956,4.222122140539855
740000,405,0.14066086149564164,-0.145621960974875,0.25411460094829047,2.2029497282866237
740000,372,0.10678029280575466,-0.0534889768130395,0.11761338466300292,0.5604699311877973
740000,380,0.10556403062770998,-0.05706258691150705,0.12543209888046145,2.2939680094788555
740000,357,0.11954059430422662,-0.06364468329336474,0.14659070974057892,3.6722564171258103
740000,423,0.10942411054999719,-0.04448023181504955,0.1158180044585105,3.2021832635049505
740000,379,0.21070916638253434,-0.08184652975044063,0.22873360677230334,3.7993216005427586
740000,284,0.08503335538606403,-0.052982940161899035,0.1655355373463874,3.117137471839565
740000,361,0.09983731113726817,-0.032528054069239955,0.11402243808027827,5.965970918280425
740000,389,0.09561275658446812,-0.03596211053403208,0.13310799705910553,5.412326922975054
740000,382,0.09876690542966905,-0.03240730596692573,0.11885828313999365,6.133076416805381
740000,315,0.1504784669592236,0.10363393456705618,0.3922454787828135,0.7033010726195295
740000,314,0.0905720340210635,0.10265552049381266,0.318495066378538,2.4538430276375465
740000,422,0.07952947737932313,0.09295452973529651,0.26764077618498056,1.640332445309982
760000,396,0.2441732643965581,-0.2656257241806283,0.2908444794482923,7.126287434402974
760000,374,0.13192487171757913,-0.13934203346823917,0.15662938598325668,2.7931697803276005
760000,394,0.1173489170174127,-0.12376887258196301,0.1473248531884127,2.033721300954716
760000,421,0.11855407847379922,-0.13044201629818164,0.17572902667935442,2.5570831111533954
760000,420,0.11887190697452948,-0.12421339607659887,0.16716530723574008,3.086541600447282
760000,416,0.3721540571890507,-0.3843125982131587,0.5988169076179505,2.7240861221350428
760000,370,0.11435847871750249,-0.12012215859911088,0.19478541766842847,3.2953398319079685
760000,357,0.1153253888170578,-0.10880183862909981,0.1772122848595723,2.736154919811248
760000,402,0.2512656929897118,-0.21761634194001844,0.4010848154090577,6.4401359286666136
760000,262,0.21909936569807453,-0.14355153111080038,0.2849201116702714,4.166952349718714
760000,380,0.13176788795972824,-0.06306954982122859,0.14237686442033434,1.588907503346876
760000,379,0.22257159247741687,-0.09859212079951823,0.2348319266298689,1.0704222035307802
760000,431,0.2253945163799918,-0.073297049839181,0.23215390476144837,1.7804975731900416
760000,430,0.31542225509962,-0.11066118543183256,0.3707100890767237,7.034826276669091
760000,284,0.15412045601655922,-0.02168966365658288,0.18410283962353416,3.9041776796840586
760000,389,0.16410918748311618,-0.016297254034914454,0.20794177723402113,5.166856462650126
760000,423,0.15974138777136582,-0.01208297837319631,0.18467318160520219,4.561372007809171
760000,426,0.2926426675666598,0.20028417447589772,1.192064004870697,5.559895235946752
760000,283,0.19692346109374093,0.09351495922267747,0.5111206804999008,6.083053777268189
760000,381,0.06054685017108026,0.08829860288622415,0.40227404398826394,3.281442282473964
760000,422,0.08543206775298728,0.05756125145021406,0.24713979847134016,2.0662858031379288
760000,433,0.09423855125917037,0.04367433173903691,0.19224025138511158,4.836627025556591
760000,314,0.0957935462962034,0.061306024717491164,0.24484122842042289,4.231410177870892
760000,432,0.09220422897317775,0.04905509700103242,0.20492220009369688,5.178617629123602
760000,315,0.08863717901053451,0.0843820386602087,0.2983097237912911,5.705021134270252
760000,382,0.041046804537835546,0.0908358150994119,0.15819505141764809,7.08305341566497
760000,361,0.0361523422503099,0.09977889626417064,0.14280902800893858,7.481572717079822
780000,396,0.2645676929307039,-0.26789340628753006,0.33295279481489415,2.3421065947056845
780000,402,0.25321764016741094,-0.2475672177127104,0.30586135277060317,4.9920869619310775
780000,374,0.13661264265311995,-0.12333638876480037,0.15975066258534124,0.8483781974207325
780000,421,0.139124691908174,-0.14785542221689232,0.19453553713005808,1.643214591957404
780000,420,0.13734552724621113,-0.12905728321248008,0.16989906973744678,0.9646389816184864
780000,413,0.36711231419738866,-0.3363906804195024,0.4540193092936498,7.191025876272833
780000,434,0.3339496781029594,-0.29192037946693117,0.39181180280476635,5.470664826239368
780000,416,0.41401144603599954,-0.39703888531110576,0.5419941626758114,3.5856741789876305
780000,430,0.31183117124461984,-0.20723694991144856,0.452090433600491,6.317146239181692
780000,379,0.221862206640105,-0.10712181348007191,0.23429671721770517,0.42879288300337437
780000,380,0.14206345709583498,-0.060796847485550115,0.14813512027653153,0.6006692730787494
780000,357,0.1168472570275218,-0.07060202064941319,0.19429832213037404,2.093725654276627
780000,262,0.2985562941133052,-0.09035106274043056,0.33667693678668603,5.436557333032766
780000,423,0.1646940693103341,-0.013087467557767588,0.18323440397840057,0.26271721492767985
780000,433,0.08144283922033317,0.010822585768364564,0.18150700333332284,1.8426679527546852
780000,372,0.09220477177940269,0.0067623729451012525,0.13673900802026376,3.2436323888779524
780000,381,0.05734900445576558,0.0893440708330259,0.37477478884250826,1.3852150140123707
780000,437,0.0888919562316553,0.07175356123561112,0.25782016200722196,0.6303340689940248
780000,422,0.07732636362331494,0.06892592563016726,0.2589797786732375,0.915209524966283
780000,314,0.0933656667126672,0.0617412257750515,0.22594385869570457,0.9528832322815761
780000,432,0.08833862716884368,0.05255402318554777,0.19925251626089935,0.38513204397402345
780000,315,0.0614781793748448,0.1328736528393376,0.3882300366177069,5.285525178662325
780000,382,0.04780801153160216,0.08548308980769123,0.15626337238105714,0.4418624558660466
780000,439,0.041753707143701795,0.11566369317505647,0.21477380514758412,1.7357769410758495
780000,438,0.04669073270323963,0.1090979571793236,0.20204799017234834,1.6061083776222231
780000,440,0.03659769024779704,0.1011339219093679,0.1789346666954338,1.2701050111424295
780000,441,0.04047002992893487,0.0932484255547262,0.15927565796896082,0.8271169707189641
780000,361,0.04680199418101071,0.0868174230260042,0.14735536359419638,0.8690282532843301
780000,436,0.03067205234522583,0.10155972591006728,0.1551057263358993,6.787668408474455
800000,405,0.2061293814840696,-0.19739908580707174,0.2442619907288352,4.202401603101668
800000,413,0.37997754598148387,-0.31034194685181193,0.4309946937685053,1.8534991431207501
800000,442,0.4468556527074564,-0.3411439000162345,0.5769007140871599,2.9594748895673266
800000,380,0.1389402825373657,-0.0882405646460324,0.14656022674708377,1.3832860518854335
800000,402,0.3141652257369235,-0.198446017438472,0.33900749893817006,4.250343371098564
800000,420,0.14499582486991053,-0.10344842586198355,0.1889485271410079,1.6410533628582518
800000,370,0.14633544707293955,-0.1055756659738342,0.2016554323293052,1.7897793539585494
800000,357,0.13796965608152092,-0.07270640619726523,0.15067727306959974,2.4255824565930912
800000,431,0.16582273750660323,-0.08054764998038696,0.22254469849294453,3.038792887668644
800000,284,0.1628692899014904,-0.07631257602977373,0.2064139909659448,2.982445357713766
800000,433,0.11587235820335094,-0.007659847078051525,0.17223785447837098,2.0080520547408107
800000,423,0.15658185299764216,-0.061509748411708025,0.1720741890290939,2.5174767795932693
800000,372,0.11840813892979972,-0.006130170138711081,0.12478287716943808,1.577801621013023
800000,389,0.16231314197404118,-0.007298346593278456,0.183885233302374,1.2873649643254519
800000,379,0.19073530077932485,-0.005260653383087616,0.24000605772915537,5.333192471176392
800000,283,0.15113688234150752,0.0595392811380398,0.48288350417873005,3.181232316940357
800000,381,0.0971372767261322,0.052542057432850384,0.33290855661453567,3.424279559824977
800000,280,0.14295102844036547,0.046237633126171226,0.33120751752643957,3.909024939915938
800000,437,0.14098242190326754,0.03946797288680947,0.29473113492170994,3.5770783295895807
800000,422,0.09366859955741184,0.04861606813164844,0.2599813103468623,1.3043792131020633
800000,314,0.09771061574334437,0.04287306144321633,0.22652265148818776,0.9685313733030927
800000,432,0.08954437511238313,0.047661588070906924,0.22514769975947774,1.3190434771827717
800000,315,0.0616533131309543,0.08998615548019719,0.3872235472593158,2.144983171490723
800000,439,0.08214624899965149,0.0593244054588435,0.26210506322749927,4.1969991569520255
800000,438,0.1006276366791513,0.0705500187506445,0.26408522498886716,4.539755409514879
800000,440,0.08036782504125568,0.07848387834275851,0.2621658671561848,4.8363937762408655
800000,382,0.0873498677041168,0.06847966293132576,0.2212235945242561,3.8963140838494716
800000,441,0.04672068119249774,0.11284961200080734,0.21195393743997226,2.8276661221485737
800000,446,0.062237128088199416,0.10548267246056758,0.1888983212568816,2.0318438230184817
800000,436,0.04364481998557164,0.0956512853745882,0.16950494176118577,1.0130890566424842
800000,361,0.0412003668211312,0.10141515993972804,0.17459325090542704,1.5703301064271062
800000,447,0.03820127988634044,0.09096993171266331,0.14093957159901857,0.5446533929458689
820000,402,0.32180617538067263,-0.14886100202232697,0.34314035676644294,2.517011312601896
820000,442,0.46326045727230464,-0.20168752264536335,0.6085126746925402,7.196616367351709
820000,357,0.13658725564011492,-0.039918836412951963,0.14560954541614943,1.6602843332627977
820000,389,0.18432437795777115,-0.005174339744921953,0.18923002105148323,1.137511176545469
820000,315,0.10440099692746763,0.07944673728868851,0.41291614420458056,2.5488003764388947
820000,450,0.05671674007929888,0.10401624450316302,0.3917095261848877,0.37287750283984106
820000,439,0.0806348219358849,0.06868371532556218,0.2546550300914052,0.602876618138494
820000,382,0.08374845341264242,0.06191712748160947,0.23681341571670156,0.8646958731832254
820000,438,0.10166529689161485,0.08531729259772383,0.3015769171360944,2.0154255727101567
820000,432,0.08629433157828094,0.05999230151125355,0.22222512008333295,0.6541229794253504
820000,422,0.10595141432301397,0.06906197016026633,0.24636304981221896,1.3732802593783966
820000,411,0.08954672794394501,0.1792736042087771,0.5898963233465924,4.062450602718496
820000,440,0.10782103549514058,0.08820859327571969,0.2864858180819093,1.8971747796277905
820000,381,0.06141358499674677,0.11670984881283526,0.3503781262466947,3.7745441660200094
820000,314,0.08130981491148796,0.07773649455870121,0.24087542388445277,2.0557524850909803
820000,446,0.0654407061250342,0.1014694039891431,0.18067918295242116,0.48457061025630965
820000,451,0.04988070589037165,0.09548923392325945,0.1504800004708601,0.47057267437597977
820000,361,0.06089940766602974,0.1151762161392393,0.17176480202104893,1.209771673732928
820000,436,0.0475017271215911,0.11212635219513979,0.15589439346817255,1.08576077502593
820000,447,0.052335468846937946,0.10272362652511596,0.14618043227696903,0.9557605086576869
820000,452,0.060791556765153874,0.09039343125549287,0.12918694885682205,0.7901319054509868
840000,396,0.27167749937326185,-0.20134432857270476,0.28984342689169035,3.9804983026885736
840000,262,0.28539985652891514,0.0028599365729818998,0.39073608257000514,5.427654531595365
840000,379,0.2129774689662491,-0.0013956815052468398,0.21423062525933945,1.7132023904649785
840000,389,0.21680723713293856,0.0033496039370115066,0.22356441007926744,2.4013767020179073
840000,432,0.09854085033098418,0.024113774698317665,0.21206644150999215,1.9624249400826295
840000,439,0.0896924829844607,0.04767184630716963,0.2785220719396127,1.653160268925142
840000,382,0.09216719379405298,0.03879346870796239,0.22052788399005321,1.4754637646426025
840000,438,0.07967406405561521,0.05951248234452842,0.3042466774231988,1.7004632999870708
840000,440,0.11091796262500705,0.09815700325945989,0.331880263835806,2.3287429678668663
840000,450,0.06188506319328735,0.12118185091364854,0.3826162144499644,1.0050596071362912
840000,314,0.08582768166031492,0.07474293797523192,0.23764546211971768,0.31545662927032925
840000,446,0.07401440470558068,0.11238917444654804,0.1972520341173643,1.0809822962563214
840000,361,0.0520565997498213,0.10844052363817878,0.16983261498051597,0.5641324136924883
840000,447,0.06073380683876421,0.09841926325217859,0.14368398255258566,0.4880878134023076
840000,436,0.06353761226434497,0.11591121900816975,0.16493963589793031,0.9398021596552385
840000,451,0.06553575349034577,0.11406144546061289,0.15958407115722464,1.2970077677176628
860000,262,0.3140444405153538,0.011123158146150986,0.4161805712208953,1.9597289514297014
860000,389,0.24735297990559924,0.0059936707563462855,0.26930056077327735,2.7531023279129316
860000,379,0.23762075096324653,0.006352193015344978,0.24786648397151212,2.1205493972527587
860000,315,0.124087463296275,0.07448142247956961,0.43991911725173194,1.6892097728146607
860000,280,0.12426103132564809,0.06170449652283854,0.3626758382749578,1.9867027119142253
860000,432,0.12456586350146985,0.03691313126717896,0.2270158501818302,1.6314178333112828
860000,437,0.11681858097164378,0.05875101519072619,0.28976629039739643,1.5655483146601252
860000,382,0.1187161693770854,0.04434691328892663,0.22317662017801287,1.3626304108375273
860000,314,0.09110492771370851,0.04844250332518472,0.19696945774773864,2.4362366060990053
860000,422,0.09600175742012688,0.04335549141456742,0.19742423380597518,2.808392081815332
860000,440,0.10865039901347395,0.100351145570754,0.2961589724847769,1.7930189353431725
860000,446,0.07831414731322885,0.11594519758442053,0.20095864486081497,0.3349330166338239
860000,436,0.06170556785122696,0.11769260777392229,0.18174164734013146,0.8497607327510556
860000,447,0.056901413927106737,0.0993606910574058,0.1469044692640332,0.254681450052745
860000,452,0.05677544437348102,0.09588126093267303,0.13210509865921455,0.370003485042678
880000,262,0.3535714283212318,0.028887747815641525,0.46352608242238347,3.2091902569268305
880000,438,0.10566494028271045,0.04723363450496452,0.32221022372201236,1.6948338760398955
880000,437,0.10698941555335019,0.049132366169220905,0.30022481815596663,0.8638745636605275
880000,283,0.1464748432646844,0.09433538981971648,0.5179918942175514,2.482490100110619
880000,315,0.14358920624567575,0.08171130604003456,0.4481406957748744,1.1182391825707292
880000,280,0.1423075914475544,0.07695562869663983,0.4171172756423579,2.967383303284597
880000,382,0.11586185338964673,0.062642584967496,0.21796737326410193,0.9617886661531266
880000,422,0.11630591293016533,0.05936644689612998,0.2074627918732798,1.3868868685648528
880000,440,0.12515463170468916,0.08065312162882023,0.2628833389954316,2.102183167602203
900000,262,0.3335498469851923,0.0304380807833193,0.41240434052246283,2.7462245658305213
900000,437,0.10373497572670472,0.050978060822624946,0.2914252990140762,0.4780938832158293
900000,439,0.10565313406170578,0.04832238564568801,0.26523159289299736,1.0389928025846062
900000,422,0.12246147624343179,0.037858124817582585,0.19909387579957327,1.1942964818114727
900000,382,0.11916197975571335,0.04557354819233488,0.20706481394661527,1.0260465999835555
900000,440,0.16757006505339445,0.0800089074811828,0.3105905489274979,3.191967213776138
900000,283,0.19241287374432967,0.12912930719682914,0.4921673658352366,3.157461637519584
900000,315,0.18677739566982313,0.12256675601663991,0.4509774914030584,2.975917886956485
900000,432,0.11713070103429546,0.07233110862284221,0.25177372973613915,2.192411549473104
900000,438,0.11557785886343741,0.09057502811598463,0.3009809516679099,2.463444918645733
900000,314,0.11746478334101604,0.06992077362396705,0.24118716625995937,2.788980024037358
900000,446,0.11803033802551753,0.06639417189459092,0.2232655929042854,3.365367692624065
900000,436,0.0756306604541333,0.12083065180253878,0.17726954801365588,0.7479224503765679
920000,440,0.1412180776578019,0.07363692666284762,0.34482241910860717,2.183374862078784
920000,446,0.13574583390108316,0.05416056143665432,0.2279261024571447,1.1013859090323557
920000,422,0.13346975829106567,0.04248119958586659,0.1793053050183233,1.155576292935631
920000,314,0.1280537473451054,0.06558556381617221,0.23021340430948198,0.7926910717663697
920000,432,0.12835921047796797,0.07210059484816522,0.2538289471708939,0.5708688107417467
920000,411,0.1264239803972165,0.22541176832280288,0.7133292905162363,6.841849041125046
920000,438,0.12877324379914748,0.08377974662441799,0.2858381181328338,1.0601880041084908
920000,437,0.12565012363443262,0.09667389750908248,0.30382444416235255,2.608697950463513
920000,439,0.12560400225407922,0.08786426602235425,0.27941821075643664,2.3253266285380723
920000,381,0.12397272158819342,0.11606757393731904,0.33272814057501654,3.2502231009168594
940000,262,0.33924642106061115,0.059080088745316305,0.42322575434109005,1.557175787544401
940000,446,0.15743868899533256,0.05116217835401868,0.25129368688583004,1.6012606481160985
940000,438,0.14865648206949078,0.08375233828464176,0.29465291179138253,1.087479313107984
940000,440,0.152426725342084,0.09464555218615835,0.341764416248172,1.2003619358171682
940000,439,0.12465804926306798,0.08625907457481853,0.2924563252837939,0.6585284676324352
940000,432,0.14660553191410486,0.07818418639843414,0.26902503040545356,1.2256215543276372
940000,437,0.13103738725780367,0.098049371368199,0.3063251132000048,0.30482734178827525
940000,314,0.12469085265789091,0.08614108610059816,0.26950115216199466,2.223379009742515
940000,382,0.1299697831506597,0.08103402528299317,0.25146664322745305,2.8921343732637914
940000,436,0.1036804019255621,0.1515861117920697,0.17317609714599494,2.091316962937221
960000,262,0.30417276686864914,0.052174467731230544,0.36526863896480144,3.404730548335634
960000,280,0.12042021654157485,0.08005847013515058,0.41360807972608943,1.11915063915252
960000,439,0.12188005775799497,0.05440425500693316,0.2839187686132166,1.6547935221713537
960000,422,0.13490689612779047,0.02546855939206029,0.13793909789857164,2.237553565280535
960000,432,0.14938130586604773,0.07965583498429299,0.2763029690210139,0.396355462572454
960000,440,0.15590093124961613,0.10563244084362916,0.35041806208071896,0.7205335093782059
960000,314,0.1339816724103863,0.08910447665702653,0.2797123018520948,0.7059897188644448
960000,436,0.0984318652074024,0.13278211284108846,0.18602519206131937,1.1685854208971964
980000,262,0.3260221964549423,0.0681717539725353,0.3908702943871389,1.863300499581805
980000,439,0.1268377427051854,0.0473668900966127,0.26103123689232927,1.222642888572979
980000,440,0.14169250119764593,0.06990654807821108,0.35701525825467373,1.9504755162431067
980000,446,0.15203187290369005,0.06920206202140759,0.24610604295630142,0.9767071113201551
980000,382,0.14423076061913498,0.07442516958480061,0.2523029556624241,0.7870067828246124
980000,432,0.12827685510708756,0.07243148284283843,0.23228158820463057,2.4675246071124386
980000,314,0.14208079696642337,0.06942487997186722,0.22398406981231084,2.982665833840902
980000,438,0.13514466924872673,0.08573382961930107,0.2568512029986329,2.0096421206675945
980000,437,0.13449841058220843,0.08019159905695795,0.24036522043169567,3.4211058768982276
1000000,440,0.14227622533300097,0.06178688230064859,0.32849669320064656,1.4828842326242926
1000000,381,0.14369429860934513,0.0695699811568331,0.35557957723541206,2.7718021628649767
1000000,315,0.19350585727711306,0.0841282431300064,0.3906398609916049,3.5928474474314305
1000000,455,0.6872446154493227,0.17617193470755746,0.8509804578951321,7.281945167114606
1000000,422,0.14292109317703297,0.04512189312109887,0.17982124057536922,2.3476556158265
1000000,446,0.15068227117740335,0.06828890054703583,0.23670942190164826,0.4768432025902855
1000000,314,0.1476551286942667,0.059845862978019936,0.20872594684224618,0.9429223952029011
1000000,438,0.14357170437225875,0.09825540662605066,0.3143360535836538,2.971663195287859
1000000,382,0.1400581614785469,0.0753164619293496,0.2546231765185801,0.24283950694249193
1000000,432,0.1461692517942686,0.05514169423625957,0.19499022102026434,2.2414954359483192
1000000,437,0.13728530493772614,0.06559882502339331,0.20749830946844544,1.80343399547205
1000000,439,0.15185957938503836,0.08623440626883522,0.26890393498076504,2.344544465041596
1000000,436,0.13582147070327083,0.05661654048732872,0.18262035683490416,4.245812617753968
1020000,422,0.138700583675866,0.03221832543780493,0.16098667494863558,1.1608785700435302
1020000,440,0.13491769815274438,0.058753807323286486,0.3221073657214654,0.5103209081477418
1020000,382,0.13317363716464473,0.05073279874536262,0.2650264167414463,1.3783872620812052
1020000,314,0.13193182726448321,0.04278920481863686,0.22438352177523413,1.3993850865648214
1020000,411,0.14190417917954667,0.15040214769112972,0.7038814720638984,3.858542799800308
1020000,381,0.13326629218696145,0.07331834969664176,0.3425803736868718,0.8540680264942084
1020000,262,0.32704521275621656,0.08008124612898598,0.32359471988228977,3.4164621652868985
1020000,457,0.1702260210429958,0.08550754387487089,0.2757185377775633,0.6427091808248512
1020000,315,0.18884418298621616,0.13057241958503027,0.3894143775424644,2.3346812113562314
1020000,438,0.17445019633269504,0.09744149467620455,0.3015143794047431,1.6722283390456698
1020000,439,0.16743412257641285,0.08071087055723519,0.2586692048915059,0.9718867505750046
1020000,280,0.18465451660174115,0.12172204916743273,0.36382927202182397,4.566133161236359
1040000,457,0.16213245573447105,0.05773782394592693,0.2954272161059516,1.7500679599570024
1040000,262,0.3448810871437892,0.08260210836317891,0.3975461190800628,3.805680821115138
1040000,315,0.19133999244646174,0.09621184223239615,0.4393959571729589,3.035225133012239
1040000,280,0.17977972976983786,0.08117529880828521,0.3627399847673595,2.0426631257174215
1040000,432,0.15286730571369286,0.04094853282837814,0.18428400210294754,0.9499116808461744
1040000,439,0.16600286083590166,0.08380573223076189,0.2813271673647433,1.1456547717209016
1040000,438,0.17078659822235426,0.0942965372399922,0.3142100819739531,0.6791420545723938
1040000,446,0.15737256565624372,0.06519131127752661,0.22200341346289887,0.8225293060079211
1040000,437,0.1594657353251858,0.07437340389209815,0.23639164465663737,1.8733589784083526
1040000,458,0.15540474346849606,0.0652968350629511,0.20847680785343023,1.1618350123370793
1040000,314,0.13302400185852284,0.08014323536729719,0.2350354354736147,1.9429228683943311
1040000,436,0.15265049064369762,0.058814921306017134,0.18954435961609456,0.9165023252741807
1040000,382,0.1323003117983297,0.07283408231779183,0.2136348018375982,2.797466494513294
1040000,381,0.11260899970673759,0.14024525927621456,0.358119841556652,3.5872726479045878
1060000,459,0.34652138461216775,0.1294195801883111,0.6797523173160976,5.274854229504024
1060000,455,0.5445368952099955,0.17258268349572686,0.8522746197389721,7.137935800188623
1060000,315,0.19630961511899725,0.09341236603753308,0.43927769632107433,0.2852551581570103
1060000,280,0.1860215579553142,0.08020252076751319,0.37583415966769324,0.7269183801056078
1060000,439,0.2520482378047686,0.07290503113279993,0.28688003756438124,4.345534072353924
1060000,422,0.14337082373475402,0.03199078518749933,0.1414680695166886,1.0035423194628883
1060000,437,0.20492595877671244,0.07472469155115256,0.2617985801323431,2.603971817027217
1060000,438,0.22208610390575412,0.08989113318158379,0.31806035281771367,2.5816038880167733
1060000,446,0.2004791510813097,0.07127028612866472,0.24721914144735818,2.515434644368407
1060000,458,0.19429688992907163,0.06334380525688986,0.2269497923822294,2.1550316349971976
1060000,436,0.2271488537175321,0.06074573348412575,0.23062258344791048,4.254748702780449
1060000,381,0.20469774969712748,0.11978697422481575,0.37724083589770724,4.81261148614437
1060000,457,0.23058666929839108,0.10604458944177289,0.3459305645333635,4.891347245316468
1060000,440,0.1892358225200186,0.09781752286087603,0.30398360992441764,3.4658703923298284
1060000,432,0.188780599997143,0.06185267840363548,0.20886391677436378,2.4139802266046764
1060000,382,0.1280083780011582,0.07566491825059343,0.22354391512873936,0.5581775121196086
1060000,314,0.18029272222431883,0.08545202585002534,0.261612001795658,2.7243481141730443
1080000,460,0.4673404626428769,0.16895607756779957,0.8874613066599251,3.66943797806515
1080000,315,0.2234249743671082,0.10215196019123053,0.4855258317528299,2.715931352243398
1080000,459,0.41547125511561434,0.157853632541287,0.7529690751690723,5.225723300691244
1080000,262,0.3244810284784671,0.1070471991429258,0.517039528378593,6.1831221325809
1080000,457,0.2913990955138445,0.08928986775887592,0.43126102512877257,5.305694908846994
1080000,438,0.2590362111435419,0.07142251359376127,0.3473469507879466,2.5318496968786333
1080000,436,0.2104490837723431,0.04477469821883017,0.22136486057675073,1.244650268576225
1080000,439,0.24308504648922774,0.06077819820242334,0.30598700272802776,1.2170404607541347
1080000,437,0.23560945826739887,0.05700424089769621,0.2866034688436502,2.1626222603224465
1080000,462,1.1760854649257413,0.2825550903533522,1.2730276594123153,3.69428912133529
1080000,446,0.23549080082716722,0.06311619404775329,0.256067682223153,1.8510817846947574
1080000,458,0.18555167048087903,0.07054765495763324,0.2456858372570263,1.0947758803270533
1080000,432,0.18152854277878447,0.06689199574812574,0.22934165978345067,1.1150392503663642
1080000,440,0.25896601263167546,0.08460393079807256,0.31051003666026666,3.5635279829644926
1080000,464,0.1744492901254635,0.058369075196348506,0.20058180667565112,2.4139072726306714
1080000,314,0.2502632900716339,0.07370140479975264,0.2633975081338329,3.548642519621586
1080000,382,0.22128704268006746,0.06055579155496383,0.22312714725277466,4.7247668432546535
1080000,463,0.21711743153577429,0.05575376230489987,0.2134572260749408,4.580830658909
1080000,381,0.2498569089335128,0.10855214352362055,0.35534301140056296,2.571519882058788
1080000,422,0.16983258013005492,0.07444965578998773,0.23327243056162755,5.227576147516315
1080000,280,0.21504476273726103,0.07771620662445483,0.2562072501568907,6.156120055062792
1100000,262,0.3172703588852241,0.11891904586488927,0.5950186892928089,3.960329543566383
1100000,438,0.24925233122318655,0.07684113165048807,0.3844402276643481,1.937135073613868
1100000,439,0.23241353778652551,0.0665882285540902,0.3323086481485464,1.4495400721631055
1100000,436,0.20263166695126483,0.046439324675606075,0.24010631943552274,1.0187311558381331
1100000,455,0.5717453183297755,0.16921031602871905,0.7959550205842657,3.131919698820645
1100000,457,0.4135424120797832,0.10699736595047647,0.514040894589627,7.430520180628128
1100000,464,0.19252044038178445,0.04161909324295977,0.20880275758045946,1.298761333737502
1100000,459,0.4802027167060061,0.1333491229005667,0.6328281025031283,6.932619711458222
1100000,446,0.22492519815363915,0.060959255161890546,0.25023203304418706,0.6130643248309601
1100000,440,0.30034368725306143,0.08930005647157507,0.3404827847746411,2.565409900455654
1100000,280,0.22150995377757504,0.07487782294469983,0.2690471598700825,0.732663631116238
1100000,314,0.2603751906996565,0.06727647442082264,0.2628382212447711,0.5996729661018944
1100000,381,0.2853927605458697,0.08528853935731208,0.31143845539898235,3.054342018470615
1100000,437,0.21734841405200162,0.09165151020268993,0.29144007081529893,1.973126785562455
1100000,458,0.21225227818531192,0.08626378493022777,0.27534405975285176,2.1444867420395677
1100000,432,0.19297674876239992,0.06304510946073615,0.2144628071838828,0.9581756219909039
1100000,463,0.1953850970308803,0.06674405342108185,0.2220695118294687,1.2915613881739019
1100000,382,0.18946830094332331,0.059849370545744074,0.20338146704988078,1.8727141019299012
1120000,439,0.18822914377974684,0.06701248397150797,0.3265203624891618,2.228197094783193
1120000,437,0.22507051273701473,0.059877687476652786,0.30391572991184507,1.749891917105132
1120000,436,0.19893509047523372,0.0454051368475809,0.22448173159335785,0.8044593950975849
1120000,446,0.23061416252387118,0.06571152944436881,0.24014421631981273,0.6259242620442197
1120000,381,0.26470850397601137,0.09311595864015856,0.31772332877248455,1.1495723072062078
1120000,463,0.2226738159320529,0.06592263524206898,0.22207655421158362,1.3650539885725888
1140000,436,0.20765360129705787,0.037845419745596416,0.25106514070523267,1.4489991318334274
1140000,464,0.19023296857307098,0.03373128149320373,0.19810026621933188,0.6745246897079803
1140000,466,-0.006752059541562196,0.12015434327049176,0.15657866478791282,0.6155321609715311
1160000,315,0.27573039445317993,0.07957882268790681,0.5055693643816492,3.0195805616703377
1160000,464,0.1852085654141506,0.030376673460777718,0.20179424931179096,0.3540604935669886
1160000,437,0.21580720780551324,0.04934946795405534,0.3044778363768508,0.7017267777560987
1160000,466,-0.006308786989571898,0.12485770875181276,0.1578303723446572,0.24436094826015492
1180000,464,0.15155134671824083,0.02582755193313174,0.17616124482208986,2.1275301385565766
1180000,439,0.17547041314953177,0.051261432237865036,0.3353134025642724,1.104760598243784
1180000,437,0.17074427059561498,0.04511106805505947,0.303866699265309,2.2632972806594283
1180000,436,0.16779048286222625,0.04454880190693076,0.2842128514601865,2.6137971765443035
1180000,438,0.18660922686382306,0.06571851289917863,0.4094285960819652,3.417707465480204
1180000,465,0.007608109540707064,0.11059306635678566,0.17408016733975612,0.36733085515371144
1200000,439,0.08638745401021788,0.06259842570265016,0.3517625904443582,4.564777325278751
1200000,457,0.3945415212766058,0.16941720019343323,0.4581076271277383,4.2970338511569945
1200000,280,0.2376831906381398,0.09418460077301372,0.2591295469496708,1.3534070957207598
1200000,446,0.22979626734838168,0.08762158850587956,0.2409803115793983,1.0970627783769713
1220000,439,0.0734743370663158,0.08740220547245971,0.3567940245325966,1.42064370010604
1220000,382,0.18700423982781328,0.06827909065311935,0.19383080494468516,0.6487428707070221
1220000,459,0.516258328337358,0.24266817894545936,0.6585244671735483,5.8972379767846554
1220000,432,0.195140806325327,0.07890307967769411,0.21929764534525079,0.8359635527105947
1220000,440,0.33290924130596594,0.1108962416417548,0.32611455041037457,2.081680020694719
1240000,437,0.12373453908101348,0.042418724473071545,0.3108062778821604,2.3797695909572054
1240000,280,0.21472199683262214,0.09165577050863086,0.2591080355236551,1.1550020197190685
1240000,446,0.24613949612691705,0.09624253821294879,0.2787439433249446,2.10209049720308
1240000,463,0.22187869615219238,0.07599445869506488,0.2228844160560809,0.5067703717968282
1240000,439,0.1462142685920848,0.13223017876384024,0.3257418600693018,4.545569751318805
1240000,436,0.14491754172425333,0.12211509309704124,0.30575925256091047,4.1844797662563336
1240000,382,0.15455260663104262,0.07167624641009192,0.19918489430806727,1.653266038245177
1240000,432,0.23263961617607742,0.08475560685657592,0.247661006528716,2.369015128817242
1240000,438,0.14866749680107133,0.1481576109876571,0.36354619469427324,5.084529115586262
1240000,464,0.14831936893753275,0.05695054739499352,0.15706451869641186,1.8328744335150269
1240000,466,-0.0015418736097853516,0.11868830309263041,0.16521249324013676,0.5368443402733591
1240000,465,0.07826998253167579,0.10455275242972727,0.1460622125075293,3.812673432091291
1260000,463,0.21165404306617325,0.06924281133450004,0.2144932094580372,0.7425305060768794
1260000,382,0.16013588442662618,0.07834361644847411,0.21978994722023387,1.1182520061289387
1260000,457,0.3445337193152416,0.14952389509692376,0.43169343591669,2.9975962628427997
1260000,446,0.27691386326969125,0.102510462169535,0.3090245562007857,2.1813207351856594
1260000,440,0.3110918494476184,0.12560160510964571,0.3659102221170982,2.3853415839313223
1260000,473,0.15281611530929579,0.06147974927168007,0.17390244495347906,0.5960242533345288
1280000,475,0.9228185929884386,0.0763488597576123,1.1752875930798024,2.657554424201174
1280000,437,0.21312403914164635,0.01548435816078182,0.31446387628663036,4.671541725122145
1280000,463,0.22193876088012499,0.06937565188085859,0.22280613740372834,0.6612447318384203
1280000,464,0.14876304207625432,0.055802222524003145,0.16266480754401236,0.28669989117506056
1280000,382,0.15479600791582704,0.07169348123360213,0.20409464049299939,0.8931422518118783
1280000,473,0.14965848183899172,0.05717816109984322,0.168814008579223,0.36866819318909055
1280000,465,0.1465190683028496,0.04993387676664187,0.14725489788328563,4.371093051430662
1280000,280,0.13682898902415183,0.06315881754924257,0.16930866765484637,6.1121443583773525
1280000,474,-0.007688968053025464,0.12973110626737308,0.15447133470826044,0.24911382916116498
1280000,466,-0.005795679099985187,0.12648396336724474,0.14717138017921896,1.0054214797069845
1300000,382,0.17620718813520028,0.008085533563747086,0.22413026401452424,3.5020836137411746
1300000,473,0.15532080548569124,0.06827548881637965,0.20155941529949353,1.7517664319224462
1300000,438,0.12236896023206376,0.14184737535504943,0.3722305668148432,1.4202556271134719
1300000,280,0.1388874805387745,0.07482224551625911,0.21199472573949082,2.2149336864019187
1300000,464,0.1381870605517374,0.0710840512016846,0.2012438815331938,2.141104050953425
1300000,465,0.1518812392835212,0.058840921555876446,0.1786372516067309,1.652982493651118
1300000,436,0.12290381910249097,0.11664943785559886,0.29868430680551417,1.1879943479747692
1300000,463,0.1404319715005446,0.08546511738779865,0.23570133322547082,4.203722662874948
1300000,432,0.14806610948098625,0.05057784419753298,0.15321223440901818,6.565319499080206
1300000,466,-0.004684964734957134,0.12602917195688448,0.15198446034506732,0.2480234984356322
1320000,382,0.16850123800521252,0.003561395835634954,0.22253375807769907,0.45386760402980947
1320000,432,0.10720448698347172,0.03377881192519574,0.1148562544615095,2.9253465077448952
1320000,459,0.4452501212793569,0.2093634749973509,0.6186490160049795,4.399267092528032
1320000,439,0.12311221981934455,0.13221610775016304,0.3392726737200994,1.3386446256793723
1320000,465,0.14727839997198736,0.04790838877308549,0.15362510592908582,1.38411870352071
1320000,438,0.11270781398646677,0.13971136236682044,0.3497666658045061,1.2273214196645053
1320000,436,0.12350018102790394,0.10425544869957443,0.27224566849698945,1.4602809749794081
1320000,466,-0.0009333414842199597,0.12086972359597827,0.1623577825191544,0.6088932528196878
1320000,474,-0.004503709095828311,0.12707121941797714,0.15448602871906641,0.2074914973556009
1320000,477,-0.0066602762008863324,0.131015392318887,0.1550030685054236,0.5012143937802352
1340000,465,0.14729408605345237,0.04255394190100674,0.1529880306842599,0.26961181459014194
1340000,432,0.14633254241858612,0.0421033693984575,0.14636709573936418,2.5461913210210527
1340000,436,0.11992441337859931,0.11235208313987616,0.2913927545050771,1.0546948683657285
1340000,466,0.011669925153235292,0.1085537235176265,0.16943334631603174,0.949460097777198
1340000,474,0.005493493410460035,0.10995384684807524,0.16510030102386117,1.1242900851302797
1340000,477,0.004475291299723742,0.11496747254978976,0.16302449048916756,1.0557933073254873
1340000,479,-0.001423602499716322,0.12039112551968977,0.14717253013582365,0.650812633645195
1360000,438,0.12731278321021416,0.13719010298100354,0.366895809195554,1.1325517959769624
1360000,436,0.12699400619068557,0.11882902861526974,0.3146079294991204,1.2558605766803657
1360000,466,0.009588109518842727,0.11082680946506347,0.16943343391118681,0.1541174557578542
1380000,466,0.008020915418983414,0.11363564897424278,0.1707247539576486,0.1733002033853001
1380000,477,0.0021365013923398376,0.11825186065474409,0.15561145611895322,0.4219307467725762
1380000,479,-0.004269837561962884,0.1255904866455236,0.14565492275314806,0.3059311291546894
1400000,437,0.2674072135322364,-0.03354633430671612,0.3992465788986586,5.5988343626064685
1400000,382,0.1950042620572658,-0.017544894250771444,0.19615250763077643,2.1470073010230464
1400000,465,0.15237529658748553,0.04183154775538423,0.1824107872155045,1.4933512276836416
1400000,473,0.15642886709052564,0.050832192472226,0.20949625845207537,0.959804494544016
1400000,436,0.11971550276887279,0.11244897628822417,0.3102622292948272,0.5304874881247765
1400000,466,0.005587782534100899,0.11476215495085013,0.17163746083430625,0.14161731173771577
1400000,481,0.0008337701891728244,0.18370328112299328,0.23885821944775382,5.16522394115755
1400000,479,-0.00509989582944461,0.12952088022753136,0.14876519246230094,0.25402149564838206
1400000,482,-0.008927738083868948,0.1331327558211018,0.14846423540722295,0.08970315955751838
1400000,477,-0.004810182256017654,0.12976094169357627,0.1439023485525162,0.8913733225634981
1420000,437,0.2951147257011487,-0.15481070125283247,0.33045717101778055,7.107168134713465
1420000,436,0.11772539901094167,0.11335793732316983,0.3163843606416912,0.325066206174355
1420000,474,0.003894597118873827,0.1128965451541272,0.15756344118843368,0.41237179477556773
1420000,466,-0.0011700074246758863,0.12216406120364408,0.16266015726126556,0.6727702444828838
1420000,477,-0.0003765170647950591,0.1197049796496092,0.14570117045306338,0.5568112783687427
1420000,479,-0.002517951704725495,0.1305801003328816,0.14966840261727504,0.1466643385318842
1440000,437,0.2684656965862114,-0.15728980676908486,0.3085392301711528,1.7296768830375249
1440000,382,0.16636282750054124,-0.0263386684878171,0.17448927012389476,1.8486198217040384
1440000,465,0.1434106012090568,0.02717663595734084,0.17384829522164366,0.9597505824189214
1440000,432,0.14239852989870927,0.025947437038926886,0.16425186979939083,1.2210198074667729
1440000,436,0.12537213562855695,0.11472862426235644,0.332854458590328,0.9105156369087314
1440000,474,0.005829059707288996,0.11477084290767756,0.16423797544307397,0.3598768716217689
1440000,477,0.0008600184884135939,0.12104636574348387,0.15355216334923014,0.403008766290667
1440000,479,-0.003021275866522273,0.1262204464201733,0.1480542799572753,0.23380178256359477
1460000,382,0.23630831160838597,-0.061215857205646394,0.24145320756972966,5.146104827485913
1460000,465,0.16544124031619542,-0.029492817498454747,0.17953218277111896,3.0533107408691014
1460000,432,0.15194308220858202,-0.01492112330460789,0.15299113021195676,2.1726377743454184
1460000,474,0.004120560768840742,0.117864911035509,0.1605830730075533,0.2542171218442813
1460000,479,-0.0012635189343507722,0.12433524566605225,0.14917164430238264,0.14046524833257412
1480000,437,0.28544036268174383,-0.13720624660588465,0.31917982990273497,1.4183714609821425
1480000,465,0.20367814661920172,-0.02482515256654998,0.20688346465558932,2.3621709931042107
1480000,484,0.14318920804604274,-0.012677579934904416,0.3223828991323043,5.41071520666918
1480000,473,0.12839643387808575,-0.005259295036319352,0.30234908981547953,5.602169351004122
1480000,432,0.14197533675722881,0.028909012692489106,0.22531006972154077,4.257483347794171
1480000,474,0.12524493239920959,0.03530721263240522,0.1917662801780635,7.49321015618615
1480000,466,0.012665361659736668,0.11248539454864741,0.1687441771082868,0.897370218220177
1480000,477,0.003730353238417229,0.12125755409384481,0.16098806675355806,0.3986730538138433
1480000,482,-0.0037529206165917133,0.13186830539075173,0.14417782053229092,0.34187323378150203
1500000,437,0.30308084021055864,-0.17433275385396,0.32764977664106076,2.0983946159124165
1500000,485,0.3633195618504422,-0.22519237943154496,0.43852991286637777,6.300817246633134
1500000,382,0.2769057444466329,-0.14845085135060726,0.329132677017695,6.508798875215767
1500000,474,0.1332257179629886,-0.029931197013144655,0.16145159146681443,3.6189512924863774
1500000,465,0.19774901828597446,-0.031651468231124844,0.20462500501398215,0.4659768993659096
1520000,437,0.2806966525901622,-0.20247891659850206,0.32505163523493924,1.8027816502793406
1520000,487,0.29142968264230257,-0.19932740687118758,0.38124878977048976,2.016286522237718
1520000,485,0.3496614877642897,-0.2156736518290079,0.4633043378582442,1.4924152376196675
1520000,465,0.19707228066920257,-0.11403618480032955,0.2603699043877387,4.973729311135758
1520000,474,0.14628687570442875,-0.0668007772810084,0.18203491709814454,2.209996088639412
1520000,432,0.14908815232142103,-0.019858923033507156,0.1622524529393946,4.001614278784601
1520000,477,0.006823204661756649,0.11653802357665022,0.16260889260447234,0.2935420526456802
1520000,479,-0.0010815841779737328,0.12772456116969405,0.1474244859733347,0.19087379381129155
1540000,474,0.15537238320988236,-0.12738374398287047,0.18961779197511902,3.0863985049043947
1540000,465,0.2051984619402647,-0.15207927885298758,0.21816209094053368,2.870022361909227
1540000,432,0.10995004151640145,-0.0681315176884056,0.12951720576911413,3.5119907173145677
1540000,382,0.18596657675100928,-0.1253700556013984,0.2739013533676111,5.443609663111824
1540000,484,0.1807482809824898,-0.10924875354751655,0.25042813689591154,6.30756754645926
1540000,466,0.08679426346675961,-0.001171653631147022,0.12008176941690646,7.2078166955017435
1540000,477,0.11340363356136998,0.12806002229812755,0.17564725804501727,5.3995701801913025
1560000,437,0.22131134523129029,-0.2039894045366656,0.2879350447407532,3.502334076666632
1560000,474,0.15722650918899966,-0.13071705120508817,0.16879162909801518,1.0586285708025556
1560000,432,0.13955438534804893,-0.102569965481845,0.15444339613030605,2.5902407349734076
1560000,484,0.133355970163391,-0.07264084495783717,0.17665655407912026,4.7508990010783965
1560000,465,0.13413316056788713,-0.07968877741253357,0.19323817978496483,5.222993180456469
1560000,473,0.16487371939738724,0.001194325585059838,0.25392649394817685,3.048355855420038
1560000,477,0.07636976648023411,0.10179897251736884,0.17713125567392252,2.271206890363206
1580000,474,0.1655028057279664,-0.15433985753720778,0.18218020582645775,1.4193203040708755
1580000,432,0.1834390977489199,-0.1276265478218062,0.200473588708028,3.417776663932484
1580000,382,0.15575575538585446,-0.1239435404587898,0.2458171171574532,2.063645437397939
1580000,473,0.18675708413987105,-0.017221561965774904,0.28866580598286123,2.2499146469259346
1580000,465,0.1587404053885527,-0.002905991253163293,0.237015232545997,4.5873584709781365
1580000,477,0.06723373772420219,0.09975911665413804,0.1802837263433838,0.4938777801633034
1580000,479,0.08172365731246982,0.11188838800373799,0.1926105814776558,4.782592295439381
1580000,482,0.0716902869700095,0.11405708671843959,0.18807128782356078,4.454086200444963
1580000,466,0.06511242287282244,0.0991890913770809,0.14477705398369192,5.280207957548159
1600000,474,0.11838735340207134,-0.13756290921663836,0.18968587956501376,2.5286691070078735
1600000,484,0.13965727130877664,-0.1067383106188556,0.20161769424381332,2.13623622227893
1600000,432,0.13496789770061346,-0.13210948467468714,0.1613393162689472,3.1229174005591545
1600000,382,0.14158794051404422,-0.1284266079328127,0.16001765538832485,4.353840980126239
1600000,465,0.13141518346348902,-0.022954208084463797,0.20494624061523342,2.332926807051713
1600000,473,0.1920001760780654,-0.007971211138913144,0.2756626466314491,0.839852898742686
1600000,477,0.0530503367118859,0.09669511931164494,0.17699078931406556,0.7439764416129631
1600000,466,0.05886928752759299,0.09090968175672685,0.15466126137243455,0.7162801796506357
1600000,488,0.06644360937994011,0.08267956646822852,0.1369673664745806,0.7580008962966782
1600000,489,0.05952044931069282,0.06729331865914097,0.10856058629490344,2.8353790025210235
1600000,491,0.07438956651098814,0.12005394069592319,0.16073190619718977,0.5703030345028598
1600000,490,0.07818412523919105,0.10923252424254011,0.14869896335616542,0.5434185258131062
1620000,484,0.15502736864590919,-0.13751225149925148,0.24254031868507675,2.672983595452711
1620000,474,0.13907645837563132,-0.17410521004927834,0.21619856433683715,2.4830934681160417
1620000,432,0.13531937000480573,-0.12654276530451425,0.15818077332223923,0.3205007444338897
1620000,382,0.10948416193265784,-0.12469752767240147,0.1624552440152529,1.6205712550713414
1620000,492,0.11245451231809171,-0.0991792586305383,0.13150637418200134,2.254043482341032
1620000,465,0.08665734551114541,-0.07443689303454636,0.10808395243622075,5.923688415825018
1620000,437,0.15036331689694232,-0.12347858758785858,0.18876523608462434,7.305864993138897
1620000,489,0.10690551562710095,-0.049627706059614446,0.14722305343416486,6.5974724130512055
1620000,473,0.12421018110712585,-0.02550446759620249,0.210125919833742,4.795300058263923
1620000,477,0.04969130904601817,0.10483609476558796,0.19046794377000845,0.8049724225573022
1620000,466,0.04897186256996112,0.08606397567584212,0.15185607953175942,0.5685704296160922
1620000,482,0.050339016434871715,0.10696798586356224,0.1845072903570672,1.1388965957632393
1620000,488,0.046575437825546726,0.08108282471356971,0.13292246728622376,1.0169255560141155
1620000,479,0.07906958124877726,0.11963672410630674,0.1926947023750803,0.4095360436995125
1620000,491,0.04295220522035015,0.10190911752870027,0.1626679886197329,1.8174781345553888
1620000,490,0.04950761357525401,0.07523479663871287,0.11684839934957954,2.735254207095557
1640000,474,0.1553145526071439,-0.23768273878613339,0.3306966527910665,6.598407028258723
1640000,382,0.11403538775773304,-0.17138664807319992,0.19240638353955253,2.7828305639740036
1640000,492,0.10371407722423538,-0.1066335133001864,0.13416445505673877,0.5895475219321399
1640000,437,0.14161753644013098,-0.14052689061148685,0.18205855954351222,1.015028105536122
1640000,432,0.14241732571165108,-0.1450990779838894,0.1908611435232439,1.9122789492813226
1640000,465,0.07902295873113582,-0.07636407424030799,0.10974887351730574,0.40239859316623877
1640000,489,0.1187510673983037,-0.1064172578465903,0.18403442193524014,3.4352755129144352
1640000,484,0.11853293408986704,-0.10778364825217562,0.1903813979093675,3.5129000203087215
1640000,473,0.11897576213927527,-0.09923402027356241,0.17749652942959626,4.039840095251526
1640000,493,0.11576731712333087,-0.03447318895611436,0.2181054679852074,6.212573418629836
1640000,491,0.04234326688734289,0.09721565873354139,0.16727199151515837,0.3301371079428444
1640000,466,0.03591807703730516,0.09019420310515595,0.14373055016462266,0.796059549981401
1640000,497,0.06571155824862883,0.08866808419435743,0.14297507380399227,1.0051876096967398
1640000,488,0.040247906420927196,0.08165901509988478,0.12263570715933637,0.6045392521289424
1640000,490,0.049667559146326326,0.07471712287389283,0.10087242340675696,0.7992580560090312
1640000,496,0.07827964572897966,0.10336092983026546,0.14326760580921508,0.9833989299524089
1640000,495,0.060163929538648964,0.11377085018146346,0.1464201157763305,0.6508359363990748
1640000,494,0.06416360458960164,0.10690069848982033,0.13739817109997468,0.9968133275911133
1660000,474,0.13491082986575864,-0.2417714526419364,0.33165067727944203,1.0415609024756762
1660000,492,0.07507991074856334,-0.12302272661766046,0.13716544721145002,1.6564478235329423
1660000,382,0.1360747050579177,-0.1752245674674959,0.21448352358752432,1.5715130010861278
1660000,465,0.09480083649174191,-0.10875316623015037,0.13528473247490663,2.2079825629166474
1660000,473,0.09344058226201557,-0.1120456406212375,0.14136304088003399,2.3031565416067137
1660000,432,0.13973991996282092,-0.1701480008537776,0.22184003639094232,1.9964398574674198
1660000,437,0.15172111474498545,-0.1744700353324659,0.22906815829278185,2.942839505766067
1660000,489,0.10903708918709681,-0.10842470474285565,0.1807618762810497,0.5222565719737
1660000,484,0.079713262210055,-0.07892149280302649,0.21082882225391547,2.6258751419065662
1660000,493,0.1221854398803494,0.050478590978948676,0.33546291089052965,7.2509941765139185
1660000,491,0.052858612105638546,0.09542176849240094,0.17469905053469173,0.649907172096185
1660000,466,0.03317890617808826,0.0989025917724379,0.16718406779602096,1.2583784997594512
1660000,482,0.06279775408574849,0.11172914734686869,0.19064905698256263,0.7341833895654833
1660000,479,0.06990563081713523,0.1687919864735123,0.27079803915784567,4.636903336954653
1660000,497,0.044169067309003766,0.09035098136924061,0.14719017827555084,1.1007703717070272
1660000,495,0.029456730320368198,0.09862110957027165,0.15089762663760967,1.7266259206400576
1660000,477,0.08442716020800159,0.12483974923110024,0.19952058503656264,2.0546750727450767
1660000,488,0.03248413586217457,0.09570850788735502,0.14612006717113285,1.4223040691408058
1660000,494,0.04242865642578531,0.08513536277623458,0.13042650843950016,1.576976450886576
1660000,496,0.01243023112357298,0.10973963623460807,0.1584590872784391,3.3939705392421
1660000,490,0.024392881215363017,0.09910088316786761,0.14163119349575548,2.6900996495277756
1680000,492,0.0644517554965363,-0.12721877737858234,0.13894688568467736,0.5782258405746787
1680000,382,0.12087290709176211,-0.16910809417660033,0.20566975284426536,0.9303070214138691
1680000,432,0.12106810392077247,-0.15917440297796212,0.19611813879786397,1.6812737585213555
1680000,465,0.06519420896631808,-0.0779047834626949,0.10993152624509266,2.485437677215074
1680000,489,0.09905798677430282,-0.11308290031208086,0.18391332191246712,0.5727409547386154
1680000,499,0.13474526077522722,-0.08948557932919639,0.20034461601601886,0.7949747702616968
1680000,466,0.027883522073573114,0.10259493788848412,0.16506609110027126,0.33970699852509684
1680000,496,0.021406063649184244,0.1064728700728059,0.16782612636089744,0.6689147028134804
1680000,482,0.019409873358107652,0.1414968990989599,0.2184254104169368,2.9749592638057196
1680000,497,0.038257886901550346,0.09179982763241831,0.14744686454309877,0.3045779750069466
1680000,494,0.04050321528681587,0.0860129812531433,0.136910685819642,0.341035533587743
1680000,495,0.021943237458124324,0.10162499126687251,0.1543742555959394,0.4403488081965823
1680000,490,0.010961738482319901,0.11489066329236039,0.16564386800454695,1.5861283748174102
1680000,491,0.04937943185685539,0.10173875245999181,0.15647448191480937,0.9799794424261203
1680000,488,0.015132043627295397,0.11251727471639038,0.1595904123153121,1.3830039276371802
1680000,477,0.030236781592964952,0.0974138212645993,0.13766495151711405,4.334425584018328
1680000,479,0.07180626873208455,0.14922248511840722,0.19098406778866758,4.1100023824479655
1700000,492,0.059092787512704775,-0.1182628890615318,0.13040405796242646,0.6743633643876127
1700000,437,0.10757658213244449,-0.2226177511137875,0.2539649826081124,3.495280444945388
1700000,382,0.11052907247381437,-0.18054528693223412,0.21111611585598544,0.8177211670068362
1700000,465,0.05625493020706286,-0.07953864816502454,0.1139137031270024,0.4960795080428306
1700000,473,0.059477402993576296,-0.07542922735965212,0.10857981421521222,2.9870550784679337
1700000,432,0.11176100795196811,-0.1486003123659153,0.223480136446579,1.5387595190384669
1700000,484,0.06424529005897542,-0.03239307863970518,0.1555495047787578,3.6945752217066183
1700000,500,0.137822548746927,-0.07754526666226687,0.25082276544952764,2.2827224496589675
1700000,501,0.11631890944164061,-0.05976448651992498,0.21217243038566058,1.5818325289842938
1700000,493,0.06638493393253322,-0.06107126546168427,0.3814580617838905,6.646920497805943
1700000,482,0.07423494702254403,0.07603935295090364,0.3171244656164618,6.525331897174786
1700000,479,0.07691178330113603,0.0771299960462421,0.30042751226551134,6.557678857376104
1700000,496,0.018221590851827438,0.10939275314891146,0.17411832705187064,0.3816358660775894
1700000,495,0.02512165298110402,0.0987144586501303,0.1490230423486449,0.3435440603760255
1700000,477,0.028686986828606195,0.09865791658769532,0.14370744532797602,0.31804625622261473
1700000,508,0.049454806137418324,0.07457717187458301,0.11274446593656455,0.168253836808746
1700000,512,0.0843536977976716,0.14755714822099755,0.20360985361774261,2.6573953878286027
1720000,437,0.06687145818783395,-0.2291350838219691,0.30882904369149844,3.4312708795491336
1720000,492,0.04588451225279614,-0.1245271202487675,0.13766167860033202,0.816045625305968
1720000,465,0.04969932219964246,-0.1169637007229114,0.13103024230863117,2.0836185284642323
1720000,489,0.030506307849887945,-0.14743328494822583,0.16439422470343348,3.956095538489583
1720000,432,0.09749296532955844,-0.1708987198034292,0.2859058440705624,3.3903410547020685
1720000,473,0.05636428110939426,-0.13497349145223891,0.15839634874756994,3.8848738805162917
1720000,484,0.06376874142358892,-0.1211310442587045,0.1413273549588051,4.49358520179093
1720000,382,0.093309576415821,-0.1437976864315368,0.1818564925310503,2.5015109155104587
1720000,498,0.08777250173685419,-0.1481238327380832,0.19792958722213783,3.026955260741838
1720000,499,0.08850613911920593,-0.1413237943369299,0.19403695924126246,3.487493168701723
1720000,514,0.06884805120280413,0.09762357250703597,0.12611722413808207,0.6804824662580027
1740000,437,0.0570440383600288,-0.28461171563779875,0.38493434942087307,4.734514869092356
1740000,465,0.048349415443590116,-0.10638385403700164,0.12040811842291267,0.7526368978314559
1740000,484,0.05567736905449721,-0.11845156821952797,0.13906470873265425,0.440934991253066
1740000,498,0.08730105536760845,-0.15849068412362288,0.21373585482264132,0.945425783427324
1740000,492,0.06913156955658518,-0.0638295713594197,0.13233759278312898,3.260737648235963
1740000,500,0.08788053002630432,-0.09953928751707485,0.29855642205368715,3.6250669511253775
1760000,437,0.03255031804967559,-0.26363347888169825,0.35649324196595034,2.1499565956661058
1760000,489,0.022304050627195513,-0.12980397696661028,0.14735599963809237,1.2926432578587586
1760000,484,0.04502865963719264,-0.12028446574409676,0.1426313364265706,0.5689361974263296
1760000,498,0.06885536591763373,-0.160716901610584,0.2166130765660311,0.9400504089473005
1760000,473,0.05712195697552988,-0.1284490592781755,0.18540181108759263,1.3896377982323864
1760000,499,0.058767938238978364,-0.12190319272683374,0.1809110110494161,1.8932847609550658
1760000,501,0.06671876822560653,-0.04891090015414069,0.2284211236573449,2.6655179509278026
1780000,498,0.056195006527399366,-0.1689492799135655,0.1961509814366176,1.2715680177427233
1780000,484,0.04200973893309673,-0.11269394911589992,0.1342639400370221,0.584686127850621
1780000,499,0.07123177776884802,-0.12159689389400777,0.16136392618671616,1.1592342746732915
1780000,432,0.0328236141783851,-0.1605637197573927,0.30643418157300173,3.4315994247870023
1780000,473,0.07411562670830174,-0.08823763953970619,0.17677348902522644,2.2249668705296486
1780000,501,0.022715761696217182,-0.08792674847875066,0.21590432175558252,3.0063147431541557
1800000,489,0.026722263204419384,-0.11736148384054577,0.14527724954124302,0.668313997187798
1800000,465,0.02233730183709288,-0.07579600760581075,0.11695147569800163,2.015065000504398
1800000,501,0.04948094035415487,-0.049527510735918163,0.22526565399055298,2.3866874476119575
1800000,518,0.011911272264423168,0.17011803567322384,0.68816458582829,3.578854913958701
1820000,437,-0.046318806545608895,-0.33315376519474005,0.4455271630140495,6.888477357274423
1820000,465,0.008208192500663548,-0.08027283404556955,0.1256856523127783,0.8601737422617158
1820000,489,-0.010785630417510456,-0.14786921332242772,0.18508223536388316,3.131293877311053
1820000,498,0.04111048711940759,-0.13421188521748004,0.18631140236593968,1.956429549159534
1820000,499,0.036020014282764586,-0.14237174593883792,0.19760665891077156,2.7317569623741136
1820000,484,0.023660276430688958,-0.1281063208754472,0.19056021907360474,3.059213547117352
1820000,516,-0.09948044379366805,-0.20915780292837152,0.3931594578486383,6.882078887281137
1820000,501,0.042950535155789206,-0.04948607613206157,0.23158930982481526,0.4545231897038848
1820000,473,0.053439382822537226,-0.04310180723549044,0.202011325302895,2.784644860209424
1820000,479,0.1007803383410667,0.062202674914191944,0.3070329749333333,1.445825865145541
1820000,517,0.0561211464790291,0.09852660225130432,0.42309828369857294,3.2172095608947058
1840000,516,-0.0554066520061485,-0.26585756525572657,0.34934625713468026,4.206233091291349
1840000,489,-0.014155116372685319,-0.12799301244452907,0.14044623779965248,2.4488717174929286
1840000,465,0.006827456212136211,-0.10803284308740961,0.11928053876370669,1.4261399074757701
1840000,432,0.002390871290371896,-0.1689804829363256,0.259683104275265,2.820752102984732
1840000,484,-0.06127801853357917,-0.1680557427316392,0.18798041468149687,4.694977542220662
1840000,499,0.020484225196180133,-0.1578133868571905,0.20245015791426016,1.1216778719745844
1840000,498,0.01400454914028517,-0.14973711347536084,0.23510085409105222,2.8966252716844556
1840000,501,0.0350606824751246,-0.04843742499198279,0.23219964733785467,0.3991301680404592
1840000,382,0.0539960279471369,-0.11213277461725196,0.21182747702048996,2.935337137652267
1840000,473,0.05938829248117272,-0.10350157652528601,0.19575782816498535,3.050667092145988
1840000,517,0.06443482741537968,0.0977099702678862,0.3852815753837036,1.936419121910135
1840000,479,0.07767021748100371,0.08364502820498855,0.30119095162977644,1.6031074800940175
1860000,516,-0.0802360089978879,-0.27655811107395856,0.37278174627360666,1.7890086644648047
1860000,465,0.04459064716330405,-0.1044964583218559,0.13819700528888895,2.119196377062981
1860000,499,0.013293625709700808,-0.12054374759604236,0.17682825540944003,2.289766701870291
1880000,484,-0.057524730178062145,-0.1524339914409782,0.20652538740796197,1.226827514661559
1880000,516,-0.07631133502066427,-0.28422943640272935,0.3100852439211441,3.1642944337401975
1880000,498,-0.0028673795522739668,-0.17659680873009756,0.19700022962460406,2.4787914352146663
1880000,489,-2.675736618317227e-06,-0.09776521753112866,0.12475301904518775,1.8441043057264142
1880000,499,-0.006936450127553726,-0.11268183510791624,0.1493089373460249,1.7524115548490808
1880000,465,-0.009860424429694621,-0.11362155458682219,0.15261601616890239,2.8531099059748444
1880000,501,0.013688414581917323,-0.03153313756720522,0.15449214597971714,4.117336680295728
1880000,432,-0.08019738726417039,-0.09773268376167346,0.2039592291671616,6.124177413205587
1880000,437,-0.007339555523686728,-0.2845969013302085,0.5085230312487417,4.428778176097604
1900000,516,-0.06688704040353101,-0.22796682973860236,0.2539214574408688,4.002708192422585
1900000,484,-0.03238744424347063,-0.13911785087150982,0.215110157720673,1.4856825242504355
1900000,501,0.013388746448254076,-0.04108464317477357,0.2355689661346343,4.081902689553771
1900000,432,-0.09295017504555479,-0.09759701953753679,0.21317001869855842,0.7865917695514412
1900000,489,0.011864999690637423,-0.04949643713723874,0.11068941331549538,2.5828772168264686
1900000,499,-0.02269183685447919,-0.06419470051227372,0.14447656115028557,2.5605596516719156
1900000,382,0.02681663402859184,-0.09806825768349506,0.2500813017831292,2.4494311581110475
1900000,518,-0.013288490839333415,0.20484870017483386,0.695959500820417,2.1806007296977437
1900000,517,0.05458944273934318,0.10397128280463984,0.3545402466502165,1.6440536232148597
1900000,479,0.0696266177944932,0.08048905948703197,0.2789047518512282,1.19513005049128
1920000,465,-0.03332447027235104,-0.10529685025442126,0.1689395792767422,1.4885570715157392
1920000,498,-0.03870317042834617,-0.18566890002239225,0.2124506188000837,2.003260638186584
1920000,484,-0.031037567724718836,-0.15661991821658214,0.2139226773756753,0.8797082435914191
1920000,382,-0.02451884244152669,-0.14709082089241216,0.20499005602661316,4.204688838624355
1920000,501,0.006384006077439944,-0.04198602475141124,0.23193288070672483,0.39717752217450164
1920000,517,0.04728315321536993,0.11748086929844989,0.43395220798677725,4.044178036746551
1920000,523,0.055496953046743604,0.10537153630972086,0.3881331145833031,3.706344519302091
1920000,479,0.06666130124686974,0.0880366515357046,0.3258549578869842,2.382268401524446
1940000,516,-0.09079774491343644,-0.22608159402035005,0.3780846906190757,6.322931356803417
1940000,437,-0.08172028889610525,-0.3635593234387518,0.5103680246197352,5.424703126164047
1940000,501,0.0006849079703710023,-0.03678399429557689,0.235689671223442,0.42911046096524225
1940000,489,0.08176439380376044,0.005940527232665587,0.12064311619332811,4.488390167117804
1940000,523,0.05760305254807551,0.11251046126565765,0.36960407410444873,0.998405285571734
1940000,479,0.0843420599286184,0.06555883584286838,0.22313278326322766,5.331441311999241
1960000,516,-0.1076238338439404,-0.21811577683086564,0.377580143906268,0.9311633578203646
1960000,498,-0.06429898796786876,-0.17395319880873344,0.21941341131673373,1.44990000523672
1960000,484,-0.05558477864305495,-0.16370293113057366,0.20931696369900696,1.2980246860908504
1960000,489,0.06757097237758407,-0.03314214082187917,0.10303725445724486,2.257694909367105
1980000,516,-0.19202380477250117,-0.2654878614796137,0.31697009769473333,5.709870225862059
1980000,432,-0.07325664099233645,-0.12372641672972215,0.22171796129979743,1.6908932579012281
1980000,501,-0.011002083890347335,-0.028502301866439022,0.23345471717670077,0.7248572753211165
1980000,499,-0.0022968315883083452,-1.3732763296391565e-05,0.17638911647205566,3.726111930742097
1980000,479,0.01240570707345604,0.011437428237950171,0.30403846039819304,6.051796059003349
1980000,517,0.03720621894846877,0.11958795129415706,0.4409606991855977,0.6227024723734925
1980000,523,0.0636180258880365,0.09486105417227178,0.3375653162103935,1.8534855559340004
1980000,489,0.08256518798985542,0.055227037921188056,0.21333377070423237,7.1062049910225324
2000000,432,-0.07297647087895306,-0.142711646486057,0.21036408312130273,1.1061509773595033
2000000,484,-0.0781717110141152,-0.14200557542275985,0.2158822776689029,1.6000375825035804
2000000,499,0.07909242261017395,0.005473951755093635,0.11630171308998907,5.0657727509131645
2000000,517,-0.011703376375998853,0.09555353966485772,0.4982236168971356,3.9524812466374035
2000000,489,0.03193930185728902,0.04684766316560062,0.21651826808631194,2.5706688291078192
2000000,523,0.05376815234124581,0.09507993348451564,0.3539159057594654,0.9544758976046952
2020000,489,-0.0027402251431431425,0.030127088974558375,0.21817899641219968,1.926788268611952
2020000,501,0.011143016461298139,0.025684760194018483,0.19448065681156063,3.5162553041815343
2020000,479,-0.013234903058931373,0.0738230925632912,0.31306519340316946,3.4025335817660736
2020000,523,0.02834619901747896,0.11218651444852425,0.4132629687876777,3.339530173972293
2040000,526,-0.26704937221302094,-0.2139340215520579,0.39755214708666387,3.6466358976500537
2040000,516,-0.13910887598268393,-0.18622325236713136,0.31193589173640046,4.771847434751282
2040000,484,-0.09880150871947928,-0.12794477120211878,0.22697582104176528,1.3659808502144364
2040000,523,0.04660193516982881,0.09161355471388598,0.4001687164925674,1.5231365811010367
2040000,479,0.01955571080009551,0.07772090714056432,0.28944976932384126,2.029843325343808
2040000,517,0.006619677717380351,0.11681664843413009,0.4505918260321913,2.7643451335011533
2040000,489,0.028646850207891223,0.09771870269330202,0.32616083150180786,6.5600784014969475
2060000,526,-0.3040795168834852,-0.21583639606641694,0.4194855615523337,2.154022581840341
2060000,517,-0.02048264125105873,0.11273639763857737,0.5022769592992045,2.92512270719133
2060000,523,-0.0030796960209248164,0.09235201441402405,0.3878122565671977,2.5600253428384545
2060000,479,0.029328032936995298,0.07185477873619378,0.28974313183873845,0.5700785120688447
2060000,528,0.06729816969331076,0.13931694585201113,0.4489110678070262,4.899299592811975
2060000,489,0.07099752150858983,0.12870446308566866,0.4201685435550083,5.3831093784611195
2080000,484,-0.1362061495588994,-0.07620182641424791,0.263390141441939,3.6750653810011245
2080000,489,0.036921843509029946,0.1207122980841692,0.41399037100768804,1.7770736820439836
2080000,523,0.050030465367447506,0.10366827038978775,0.35242952153146173,3.2406345175818037
2100000,516,-0.1603383339379432,-0.13942401338521226,0.2998046158599784,2.640088307590655
2100000,484,-0.1408141557944365,-0.13018640887733057,0.27929605358826565,2.823369842221694
2100000,501,0.001070098548246108,0.04887749925698775,0.22465620046432905,1.9684576800544873
2100000,479,0.018705385061066577,0.04236565003569017,0.19270709795623506,5.098637374597547
2100000,523,0.028926731354312004,0.05827506527490382,0.23761236364276886,6.262765045396507
2100000,489,-0.01438503379429683,0.11902575389759873,0.4315200153176808,2.712253914895665
2100000,528,0.029964558051310583,0.10231437954348203,0.3517810916618229,5.522051416281033
2120000,432,-0.05163857166456659,-0.04953488648367363,0.27023225048367455,5.639461856142399
2120000,528,-0.00837188356582491,0.09086862268358555,0.34383541194409084,2.0394986713262924
2120000,530,0.01865798652327359,0.06903764966062986,0.27419153298880894,1.0281712931750875
2120000,523,0.019243968781993748,0.06326696248044543,0.22755159321624194,0.7414412153331174
2120000,489,0.027088480961174628,0.12154847682596319,0.38119207385264997,3.263172631524869
2140000,516,-0.20052126149736024,-0.13862914228505666,0.3312114672767528,2.5503381164203334
2140000,528,0.004246624885303384,0.07424344021555483,0.33884465513569867,1.0729994188570475
2140000,530,0.013669142696486128,0.07074241345854827,0.3124208616439385,1.9295571718380615
2140000,517,-0.03858661300250035,0.10988782831918871,0.458962935112576,2.3515807617346423
2140000,489,0.017355863438030274,0.11151394683326653,0.4407977177890141,3.061147017498003
2140000,523,0.03109100721611261,0.0854160868915616,0.3075157343087783,4.190823276071677
2140000,501,0.017863239928210022,0.0973414210272943,0.35079655529215936,6.808478249002632
2140000,479,0.037936291841723514,0.08147843512210587,0.28511818739000927,5.108680647476282
2160000,432,-0.057338806564113706,-0.03830012352720585,0.17708259717458333,4.699885766750593
2160000,530,-0.04994364996236115,0.033012771090745005,0.26955262148859527,4.274283365979615
2160000,528,-0.06968275762707976,0.05614951710712461,0.35512426797748037,3.8916479306311715
2160000,479,-0.0290402341126452,0.04753896011446142,0.2591686454274815,3.972128434723548
2160000,523,-0.02579434426636673,0.03526428343015234,0.2323596001084542,5.338443385401349
2160000,489,-0.012210221087135173,0.09903466501451952,0.43912113401346936,1.6067799802846043
2160000,501,0.006539003080215378,0.08562152129051387,0.37915020608378946,1.6351788153313478
2160000,532,0.008904547417734424,0.08281481055099525,0.298458976697187,4.7678914006397894
2180000,535,-0.05724513793435386,-0.024201030728108,0.2142541822027993,1.1285760530645388
2180000,484,-0.1575839279742836,-0.029727093883943876,0.3338098055598308,5.776038517427361
2180000,432,-0.05569597968967473,-0.01482906707834925,0.21348429835512217,2.1671832062622407
2180000,523,-0.059228753192433176,-0.0036913327107290965,0.2224015457538418,2.6146522597089983
2180000,530,-0.05255432063759196,0.004556794951625355,0.22286888020373388,2.7367544097692287
2180000,479,-0.05003733613061256,0.014473890720822637,0.21372159600516968,2.999838082444256
2180000,537,-0.03663940315677217,0.03565116772303239,0.23574148103263542,2.895847014150144
2180000,532,-0.03279959363153273,0.05534412120322967,0.28669222177369436,2.565312200945603
2180000,528,-0.050927055883679156,0.0661237263232079,0.3196105667045466,2.069108609689678
2180000,534,-0.011737375726756321,0.05057351603512528,0.24844454295609786,6.219499418560601
2180000,536,0.010279657588538214,0.06670308013393696,0.23933132663685064,5.963670532866217
2200000,516,-0.21766662512079812,-0.11196756249532236,0.33847992914339503,1.6260641658396413
2200000,484,-0.2421475412389041,-0.11939069156669795,0.36265637402102263,6.329038226652077
2240000,479,-0.09786628524688544,0.05266711195814016,0.22057039151543237,3.0794628273414415
2240000,537,-0.0689158285003651,0.06418045308721682,0.2248240464707395,2.2219800481579908
2260000,501,-0.03571889051279061,0.1475301357434379,0.3835760124912926,3.7543287937910104
2280000,501,-0.008750088096480894,0.16871661083478304,0.4191067521733592,2.4691175007079567
2280000,489,0.005487681830566664,0.1817697780739406,0.4602414961482702,4.3601560744269
2300000,535,-0.07638290586539195,-0.06720187466220791,0.2054525780899067,2.394156936891969
2300000,489,0.0010055021816783602,0.19763690804846815,0.5016326313629116,2.227712853124357
2320000,537,0.026276127396970664,0.038532177443124684,0.13692910503272282,6.603950189369244
2320000,501,0.001623351843460483,0.16298736998476296,0.4187851023670012,0.5927392249190192
2340000,501,0.059032535170820084,0.07284532708443738,0.3881503068966539,5.558752765249713
2340000,489,0.003520907030203276,0.18163869115941078,0.4778265559088088,1.4396175131851328
2360000,535,-0.05080463343152504,-0.07921292595817322,0.2011502806355331,1.4291808294625765
2360000,537,0.06829016385980828,0.023729905754384904,0.18654432677389676,3.3339003942356227
2360000,479,-0.07570743725183049,0.06340506299895321,0.2774118162301388,3.0972833663633703
2360000,489,0.0011983990340522083,0.14763555453297275,0.39569968031374897,4.445905711673053
2380000,535,-0.016264859702692397,-0.07134941088975208,0.17149474607726303,2.309914267027564
2380000,537,0.0692711878379066,0.023271652820279452,0.1804390862921283,0.31002566481440136
2380000,540,0.06170577501076373,0.0666147357175969,0.35899565292574775,0.6862178523034062
2380000,501,0.07443132046097527,0.08231580207481028,0.35663390624230273,1.8166562657539027
2380000,542,-0.026044767323911516,0.050712245211069575,0.18370901382259489,3.7350437778943624
2380000,489,0.03462089298250457,0.1363998745095185,0.35308502514667905,2.7655525859817156
2400000,535,-0.0332516457969531,-0.09365219982233852,0.20618055810867067,2.2299500287348435
2400000,537,0.025845815483336136,0.023752887256181444,0.13579798367973045,3.114009711435573
2400000,542,-0.03360441050610868,0.04333637495950634,0.1926931162183598,0.6932996517877829
2400000,543,0.03683211673667859,0.17449513358640487,0.4408580210949844,1.0202505762927443
2400000,544,0.04497476853635848,0.1635971779265119,0.4001780981541659,1.1882831029694636
2420000,542,-0.0241508422839904,-0.017567920640768075,0.196052251942203,3.086254593964604
2420000,537,-0.04597805389937672,0.02303053082610996,0.17950128706371662,4.203917440492201
2420000,540,0.07456931322621878,0.06938094412399888,0.37600784562398154,1.0753339304257543
2420000,479,-0.13874619728463072,0.0828718906461169,0.379272361803883,6.068033740368081
2420000,501,0.07815257984726551,0.07321287933374407,0.3493314367689353,0.6124480268956232
2420000,543,0.05028083404956159,0.17011769332581367,0.4388427172997843,0.7143028594087936
2440000,479,-0.11655904704915435,0.029997823711844326,0.3281965801972347,3.8394895677913916
2440000,501,0.07825142353784142,0.06289428923843272,0.3501621211253876,0.5176222274262345
2440000,543,0.04279833299878556,0.1742318526049937,0.4382510730315574,0.42797246257631194
2460000,535,-0.0989960530395793,-0.09664336977118221,0.21782706442252597,3.341749276451563
2460000,542,-0.05089328358728771,-0.13945957942738246,0.1915997500996136,6.243508513102026
2460000,548,-0.6477116444026321,-0.5991979511390997,0.8414305698465783,3.5519899616789696
2460000,537,-0.0020881942314817594,-0.10919943367123444,0.21923962482864653,7.2440007559628485
2460000,479,-0.0524859404075266,0.014649683039130189,0.23939476957074565,5.528718203019947
2460000,501,0.07978138906951326,0.06287371451449231,0.3571189733406658,0.35615660387177395
2460000,540,0.09125620803450044,0.07224108700561398,0.29546301214527226,4.115246977934288
2460000,544,0.04109708065023049,0.16338744183251144,0.419744816326974,0.9974178069212652
2480000,537,0.01660185988392642,-0.10653680672885395,0.2109697093971748,1.0305328795274693
2480000,553,0.004246761941183849,0.20567292192170986,1.0931285102367665,6.8177323653128115
2480000,501,0.07882958480409806,0.057042466469708376,0.3243975273959464,1.6625300071221651
2480000,540,0.11294496046353655,0.08522498892280113,0.3828863861377393,4.55022801932769
2500000,537,0.027849993181682874,-0.10974472718236218,0.21646615521518298,0.6461852926027362
2500000,552,-0.10496575214983446,-0.04324225443167202,0.3849067719687893,7.3567120909374495
2500000,501,0.0856182520181831,0.06268581756707384,0.3357191282682,0.7178301687417824
2520000,542,-0.002994819494562148,-0.10331910523242198,0.1293636507876097,4.322536522417231
2520000,535,-0.10459197384651181,-0.15418612847798072,0.2572650585816661,3.499228055072528
2520000,537,-0.004012494098798396,-0.08759900960426562,0.14459985707534018,4.0836306490280245
2520000,555,-0.10444862420583226,-0.31996443364988936,0.6004361052905133,3.786033792180559
2520000,551,-0.05295592402977936,-0.04999463884631655,0.17450422843776126,2.0851736717671523
2520000,479,-0.04697428401133046,-0.047191603708923474,0.16864112617921173,4.706591430127826
2520000,556,0.03880842482571593,0.12631180513811083,0.7173984714446834,0.49328687944056343
2520000,540,0.13680415872182816,0.10104367466711377,0.4910495709015496,5.5943647312398115
2520000,544,0.05562013193514851,0.16569883321994203,0.41872020037558444,0.7370742612147185
2540000,535,-0.11539617164230552,-0.1881358405538189,0.29594740306389555,2.62946639771495
2540000,537,0.014624113153127418,-0.08524403448558501,0.13593234040673488,1.034401859618264
2540000,542,0.05643593507155598,-0.11074029702640277,0.21469920605270068,5.212783725693647
2540000,479,-0.011492704514234531,-0.07002938695455246,0.17268105009637447,2.1194502898390506
2540000,551,0.0027565909926661773,-0.04650060669327624,0.12204936352902854,3.8300148313701405
2540000,547,-0.0395315890156576,-0.05805355838028767,0.1732268805454868,6.540928307202316
2540000,501,0.09946783793471399,0.06657629207841192,0.34227947422192284,0.7905456359617542
2540000,544,0.04678450724469281,0.15588289439528655,0.4137244634820319,0.7060069153159393
2540000,543,0.06346661912586155,0.14574722180441785,0.36092053800271207,4.24810660504279
2560000,479,-0.011290281926516236,-0.0639436768102591,0.15116425299218017,1.1180892188097489
2560000,542,-0.005184665167692975,-0.17977441674734831,0.19541817995782249,4.726141668095273
2560000,537,-0.004488765107985857,-0.15868837155851198,0.18282165779895546,4.460375782659531
2560000,547,0.028169619118514504,-0.17085548760018457,0.20025226559523446,6.715299743057685
2560000,551,-0.028641427440071834,-0.0682635296979894,0.1659344187247535,2.909191661245206
2560000,559,-0.020461336287268893,-0.062274696033866137,0.157104197500709,3.16578477666634
2560000,557,0.040887324062558,0.13685357256212183,0.8702958083351587,1.4082540796458607
2560000,501,0.10167406695131428,0.06657026171731367,0.3251143206925068,0.8653178296547585
2560000,543,0.02949945992608388,0.06478315583499662,0.24430729350177005,7.298560932718229
2560000,544,0.04141838323753523,0.09419262552024095,0.3087531069311318,6.093740693710188
2560000,540,0.03858098730798179,0.13184483911500006,0.38662284797804947,7.331685275992323
2580000,537,-0.023965082530096736,-0.13875472476021639,0.15311551483690575,2.036622292355504
2580000,542,-0.01669644455952832,-0.13433068233143425,0.15107550504991563,3.2264248326974587
2580000,479,0.02456260932152023,-0.09159138263361274,0.10545154496230719,3.2169384216839805
2580000,555,-0.07363568726132108,-0.4252930889255295,0.5088729779090548,7.146217356265175
2580000,547,0.08334268193217485,-0.10872495639148504,0.21208620342119847,4.196519943055221
2580000,559,-0.012032081789715564,-0.050839099765557845,0.17648153647670356,1.201360124178911
2580000,551,-0.01411679860425574,-0.0488668084667548,0.19586312041383058,1.925438146328137
2580000,552,-0.03596980079795279,-0.04619357268578197,0.344881130926863,3.9909909556416556
2580000,543,0.028632433483564364,0.02164876590888273,0.1813664995023213,3.815386899919557
2580000,540,0.04349410214983224,0.14937844417460053,0.41449359196868446,1.6645903207897543
2580000,544,0.06720310110811775,0.1558185488214527,0.39150111096555845,5.317386169461897
2600000,560,0.06227900521051646,-0.16882482037130206,0.20147573857320789,1.8405123420958525
2600000,547,0.05964602992019384,-0.17390506712540407,0.2099232901359817,3.4693862374137003
2600000,551,0.09953919413893753,-0.11027464258801675,0.2183280056075621,6.556157000231302
2600000,559,-0.006245315970646091,-0.05779124113075963,0.15674953266865302,1.0853235721288623
2600000,543,0.027434842812682537,0.05682320027310951,0.2658684419272778,4.576913078115244
2600000,501,0.03610485603434351,0.047158551336982775,0.2422607383667472,5.371417881801664
2600000,544,0.03967216142738684,0.09484938136309433,0.3232460947182263,4.778582233045951
2600000,540,0.046470080361216956,0.0881590631302581,0.29751655580579756,6.603085652030492
2620000,479,0.04938067183915112,-0.09469031534598173,0.10795831286773443,1.2568049733515794
2620000,559,0.047206022681862816,-0.09771435890811572,0.11105984551159408,4.043033653495774
2620000,542,0.004154197390259223,-0.15072382219680028,0.17246130931652015,1.7035528524918249
2620000,537,0.040789672156394716,-0.08889498075289616,0.10436672228501395,4.758050310329477
2620000,560,0.043319310166725696,-0.08505364421935555,0.10123442179922477,6.600265445157493
2620000,547,-0.035394034250967515,-0.141441836354445,0.18662246612045985,5.15494993902689
2620000,551,0.0031811778809120723,-0.11870892925702117,0.15875037741658943,5.680118455996015
2620000,535,-0.008419532110719373,-0.14812486751714948,0.25776151912152145,6.02142863058105
2620000,563,0.03688090259097897,-0.05311701454989704,0.13923154918669225,6.780607238128428
2620000,501,0.0334489936971507,-0.05350046398606157,0.14464940804251988,7.012000923100412
2620000,543,0.01169227858361198,-0.04067111493861257,0.19207147911009775,6.164203425453546
2620000,540,0.046732295688296226,0.034273358847145545,0.20929661843287697,5.168775298135634
2620000,556,0.09951746312577796,0.1690858683358926,0.7751952134681601,4.705228794196555
2620000,544,0.038430568122555846,0.08972079345235234,0.33105348382638355,0.4711668827999868
2620000,564,0.04379761310152336,0.15535534752490535,0.43478225141504867,0.7258456523798902
2620000,565,0.06076676517685164,0.1576327428276127,0.41169325300259785,1.1893315026944884
2640000,562,0.1328585861572408,-0.35210104322175084,0.3902980200018924,4.875887054851426
2640000,566,0.12989769634674492,-0.21716827219180185,0.241809366982936,5.444839389943099
2640000,542,0.015214441549217306,-0.14087003664541464,0.1602546930559911,0.9597233599848901
2640000,551,0.09818761611078805,-0.1626426276472409,0.20589284561816112,5.739948925623431
2640000,555,0.054783040702455654,-0.4235902047874799,0.5382556923775508,6.58741478422288
2640000,535,0.01612134339551312,-0.20065195626344584,0.2986732554166965,3.54792889918176
2640000,560,0.06202366501902069,-0.05118039237400583,0.10624863057247567,1.9508923411100914
2640000,543,0.012853875773762211,-0.09924611109668967,0.1798219312345224,2.992670590838108
2640000,501,0.012000297118609568,-0.0928875121914327,0.19054235950746337,3.20840659261502
2640000,563,0.0232233755292,-0.056015831088165484,0.17923515184065678,2.118501479856717
2640000,567,0.025590167467790057,-0.044310331629091516,0.18369562770233738,2.4697409124073464
2640000,556,0.11043982698796313,0.16661382938048366,0.8105696296307476,1.8552347073746227
2640000,564,0.11493511430042752,0.12072363330946786,0.561614553468224,7.474344879391056
2640000,544,0.0584800408265732,0.08691579615419318,0.3198042129381278,1.1580106444558016
2640000,565,0.036789817856257345,0.15419358174550815,0.44009078661903844,1.8662407047726253
2660000,562,0.09981892737867622,-0.3854608151660778,0.42154461721498554,2.8199482591790415
2660000,559,0.0597497245285108,-0.1215910101293358,0.1356939883513422,1.8263898290113911
2660000,555,0.09446213205231244,-0.46250922207052486,0.5203745956732357,2.9192695216343503
2660000,479,0.06021562853477348,-0.07643615334912855,0.10355672018792535,1.0839565661528134
2660000,501,0.03859445157882649,-0.12188944814258727,0.2364911783254553,3.024754242553185
2660000,552,0.06754900453481408,-0.06581996958012053,0.3619925115523777,5.337166350107663
2660000,567,0.09027558662331721,-0.03920074616168866,0.21898389409694577,3.6930925591270327
2660000,544,0.05713755101699536,0.09124946183457697,0.3058923844227713,0.7316452517423364
2660000,565,0.033028540141787785,0.14055350872554628,0.43768194673008426,0.7176372893841878
2660000,568,0.041155213965319945,0.13489932604523314,0.39903993111585856,1.6000494918233332
2660000,564,0.08431549800907005,0.1890996335915199,0.4765032276201381,5.669386233098826
2680000,551,0.1338319697641247,-0.15518599165498487,0.18504031026523285,2.0981834990833534
2680000,566,0.14484471361703366,-0.15938762809656082,0.2123490297900991,3.327885073456892
2680000,542,0.04273742594802539,-0.12615437159656928,0.17588750623784968,1.7453153841252684
2680000,559,0.04575751995928748,-0.12444166088564877,0.16943613188631826,1.831966326639486
2680000,479,0.0719321661069015,-0.082769214718145,0.11352315693009804,0.8317373087678369
2680000,560,0.07288206299083685,-0.07921978381597462,0.11149403453497787,1.5261278957545856
2680000,501,0.06351719364491136,-0.1471290867082494,0.2574189960891201,2.059220716294771
2680000,552,0.08131270079457482,-0.07081229184596066,0.33717162949095447,1.4408667553282273
2680000,544,0.05705904522339827,0.04825769843022475,0.327196591236091,2.399045180754275
2680000,569,0.11873082388400218,0.1795176645901352,1.022542764868477,1.7703989545740335
2680000,568,0.04162139397538197,0.1274705033522504,0.378007459894596,1.115537511783887
2680000,565,0.05632331963232794,0.15768272355706153,0.4261017401876451,1.557367920421057
2700000,542,0.08233906071371526,-0.09985358494561589,0.1997728499727794,2.6601365096127165
2700000,551,0.07613298942567304,-0.17386370695289463,0.19374209301256032,3.0633928918066036
2700000,501,0.05267722420507751,-0.191983842103466,0.22214396096271607,2.904213371203243
2700000,576,0.22818141026443217,-0.5980891667868145,0.6949189796024371,4.5454540328659885
2700000,575,0.21360317624152747,-0.5073483039664408,0.596663329965531,4.90635900510596
2700000,479,0.08740611195082729,-0.09222311107627723,0.11366968389370422,0.9066981670905124
2700000,560,0.08128688934325869,-0.0826158806676617,0.11344779258859923,0.463658684736126
2700000,559,0.05595806213976469,-0.13119334189446802,0.17906915655143063,0.7785104710586888
2700000,566,0.15544843723473056,-0.15750569776672885,0.22544568626452777,0.8477957111475014
2700000,574,0.24575526478087262,-0.6232839632159702,0.8957662098672169,7.4352004468307875
2700000,562,0.07916812811225932,-0.26049496366330865,0.4027157627896297,6.402625498794465
2700000,535,0.08860774536114034,-0.2018024821301618,0.31990894633157857,3.7770877499486537
2700000,543,0.05546031878117435,-0.10637996091639065,0.17499808086792523,2.1734019021761863
2700000,563,0.05047480515236507,-0.11361867505014528,0.18753053927047175,3.2130754354765942
2700000,573,0.15610130742219874,-0.280977074626971,0.4955801195107896,7.105495438950466
2700000,567,0.05649668821452865,-0.1041591813445326,0.19092796924092206,3.9203785527171493
2700000,537,0.08554662527325198,-0.0465043876174128,0.1086217176904081,3.0896003886354673
2700000,540,0.026857324903947877,-0.05089590559700881,0.11067377375425685,6.590766943637936
2700000,552,0.16792449665236356,-0.08641276155858452,0.21645759131233233,7.469413773910843
2700000,544,0.09131033164695164,-0.0271793942291223,0.20535531812622365,7.367021345767313
2700000,565,0.12113432966708071,0.09006814980276502,0.4447255000349953,4.774683768730606
2700000,571,0.12020555867761108,0.11898743027198518,0.5495162905969238,3.9872969716322615
2700000,568,0.03535779618153094,0.1292095790694504,0.42691739957422936,2.4670018449216164
2700000,564,0.08419754786281451,0.2000258982713616,0.5234710433401084,2.4111060146725456
2720000,562,0.151610666380778,-0.30008296908187887,0.33145123945615335,5.452926693472537
2720000,566,0.13149945218314749,-0.1527718371809451,0.16522816900279225,3.2488893126013085
2720000,535,0.14647436175844722,-0.23735541917057032,0.2672924174706333,4.295653540163301
2720000,501,0.1485996171349432,-0.25939765922136987,0.2938394958470906,6.871313179835843
2720000,551,0.09088266444246983,-0.15054977474306946,0.17390166983014504,1.699069407236476
2720000,559,0.0833160041635637,-0.1435026355287711,0.18143740725153784,1.504646397772248
2720000,563,0.08086122714631433,-0.14988602292618944,0.19210284516329765,2.3767420688486256
2720000,560,0.05285879979714263,-0.09618210992027318,0.12646931615825957,1.7042292447405836
2720000,479,0.0543256850888045,-0.0926905287829529,0.12390045384953709,1.7314746421586178
2720000,552,0.16860019906571833,-0.14248814488435096,0.20876110042169221,2.8302566848754043
2720000,575,0.2569402880475496,-0.4293147606029917,0.6324785734434717,4.8088644228463995
2720000,537,0.10522021477244237,-0.050903571464097144,0.11862769009945714,1.1253026550113456
2720000,540,0.09217003286552655,-0.024331247631397854,0.11699428574990355,3.5395549670797153
2720000,544,0.05798134216179888,-0.030674263119668196,0.18794180078275938,1.8882970071830991
2720000,543,0.026044349327443008,0.002077123290240821,0.12515057911861663,6.1467495076980585
2720000,582,0.0717055746513057,0.05572283763719468,0.312851693920593,2.297716414730132
2720000,568,0.03200010922656554,0.1254812792217954,0.46061816152828133,1.7036106052478994
2720000,580,0.06839675298318611,0.07747755250007708,0.28049676300285953,5.743013276367939
2720000,565,0.03604518429121849,0.12526739890841496,0.3869914973977562,5.434235194328854
2720000,564,0.08459616621242674,0.173215092131577,0.45457423611286824,3.6965349547113897
2740000,542,0.10897484263403254,-0.09178827922266948,0.20268301196506508,1.3990917390691693
2740000,575,0.30182295361784234,-0.44866930557637913,0.5889776200989666,3.271614670809518
2740000,537,0.10356325882589323,-0.08336187205423942,0.11356017230997555,1.6446629721279886
2740000,552,0.1835811930133507,-0.13466111812926343,0.20690720993961884,0.8501903278139792
2740000,566,0.1849845785614844,-0.1324213883793791,0.21187036705055418,3.6913053750870017
2740000,540,0.08731367956970582,-0.06193652912780003,0.15121918731739112,2.55396028310039
2740000,584,0.058411661244403716,0.028534237829296746,0.24909001589896002,2.506820542036453
2740000,582,0.07338634470130555,0.08624283327319708,0.32697558992206116,1.6835821630105188
2740000,583,0.08406864145298239,0.06100532173792662,0.22391170202042332,0.7356465270836848
2740000,580,0.0617642333834366,0.08789346253843067,0.287225039973218,0.7031202051534161
2760000,535,0.13642626629105684,-0.21811454766285132,0.24216750916371965,1.6601478671560879
2760000,542,0.12331963193715334,-0.09326725821013451,0.20712886008823406,0.7545295297908777
2760000,551,0.11808859962656777,-0.13966991618888214,0.17913236497704135,1.4881989140570442
2760000,501,0.11432657044917022,-0.21560504084576598,0.27557790231455687,2.9265683622905225
2760000,559,0.11758926233962867,-0.14746634793605237,0.1919336620113225,1.8031490551484797
2760000,566,0.20364519329662747,-0.1346833769176207,0.22050880249081115,1.0343569273902298
2760000,540,0.12383377963915847,-0.06639846345536676,0.1464944529209416,1.8546897868264567
2760000,537,0.1239213408597308,-0.06359033942029171,0.13616819321085807,1.8141717227473673
2760000,552,0.12283054848917795,-0.1183502056398835,0.26480739255598607,4.274668941376421
2760000,479,0.10522713788716158,-0.05622582415159986,0.1287856885040018,3.1402619709446125
2760000,584,0.1493356130816664,-0.03194329844062496,0.27362510536982787,5.596129918597327
2760000,583,0.06215495655481961,0.037786615236283135,0.23312272672309334,1.6614458263050784
2760000,544,0.07051821879562623,0.03292843916325851,0.2021367932074023,3.3181225201000664
2760000,571,0.1357036492318828,0.15152242516195094,0.6154985191612461,3.759112657806686
2760000,564,0.13384738160793136,0.12792208650163783,0.5079933434046363,4.280986919151214
2760000,582,0.07972690034621265,0.08746775665179961,0.3112232077842711,0.85123531732503
2760000,580,0.09011998212852565,0.06508635162861506,0.2398972046083747,2.985019595944457
2760000,586,0.08875287685333198,0.07320534566402923,0.24927942224532157,6.7146704348556545
2760000,568,0.045571046142596806,0.14275943869635394,0.43025776228708945,1.8738055967013638
2760000,556,0.12363056806656511,0.29003346495199683,0.7963956294168497,6.246459872774221
2780000,551,0.1455144939048553,-0.15936087000436194,0.17245270627309514,1.7208509374204726
2780000,559,0.14665893755069379,-0.1645865219463397,0.1821091009434257,1.756892409338264
2780000,566,0.20892021864618923,-0.20472849385675854,0.23072805378561267,3.5491468680805243
2780000,563,0.1376151202731131,-0.1534235744873982,0.1982135125435877,2.859571170616692
2780000,542,0.13656056837468444,-0.13885611510405213,0.18154360137114042,2.6964197254217743
2780000,560,0.0919725839703044,-0.10097364783201132,0.13603272638403052,2.027502011744184
2780000,552,0.1245481493189518,-0.1296736340929572,0.2164923372238048,2.482697502865612
2780000,535,0.22215020057829568,-0.13599522001730513,0.23458678367172,5.947613866422496
2780000,540,0.15438912096643423,-0.09064707121160252,0.1629245954891989,2.1163491244093944
2780000,573,0.2204503744039468,-0.28972201594084956,0.5300978442678378,3.677210132154543
2780000,537,0.15518097498924446,-0.09089417083313275,0.1673257777100098,2.5949272665884497
2780000,501,0.16373461779834902,-0.14560683750175707,0.2839303293584767,4.304261449938862
2780000,479,0.1171718169254413,-0.05824048253880634,0.1267494239989856,0.6141672794912014
2780000,584,0.16052031935081545,-0.027543759964765168,0.20064674441826696,3.6980720518616264
2780000,543,0.05501741277234371,-0.011887074675221,0.1504746527937215,2.0467937962231253
2780000,582,0.08395666900964545,0.06177272200134926,0.288529436176894,1.727087880220485
2780000,586,0.08185447452758601,0.06805558332719791,0.3032802927957673,2.7341369876890314
2780000,580,0.07810723491573773,0.07445047427933527,0.294446900494797,2.8318113504951357
2780000,583,0.08631652094008554,0.06405486348564435,0.27197062691125895,2.637689049463136
2780000,544,0.09448070376056864,0.07111885695600668,0.24863227066564197,3.238262698172209
2780000,564,0.0862999498651017,0.19486853714109242,0.5344610399378751,4.313677224345719
2780000,568,0.0681093441849613,0.15720821066338825,0.4058231056427293,1.8123150494116513
2800000,589,0.33842565549205117,-0.32954075464870886,0.41568068207420333,2.8905061822668694
2800000,479,0.11687502220965365,-0.0288095065412862,0.1243391234240237,1.4765500195824623
2800000,588,0.277153516376701,-0.08254613642279261,0.3361434194341976,2.440008381008925
2800000,584,0.15831028574146103,-0.02416032665633778,0.1944099145315685,0.37158416456661353
2800000,537,0.1615816297390642,-0.029350392383178426,0.2135462135854348,3.861649174781976
2800000,540,0.1559410336501773,-0.023901357271898772,0.18055055990973062,3.4525618691243514
2800000,543,0.11126488494095604,-0.01406299528136731,0.12935685976067085,3.006024758060815
2800000,582,0.07886741462729868,0.0589786913252335,0.28755684422197464,0.2943342177613979
2800000,586,0.07655571198283785,0.06722833143933724,0.3019426184203055,0.27636299918025453
2800000,580,0.08836091526102613,0.07366537305413665,0.29761703524140193,0.5380615644812262
2800000,544,0.06684017331561674,0.07105563912795695,0.24667927110149357,1.3854756647715432
2800000,565,0.051399021173144446,0.13344812521593385,0.4072745383467464,1.3361009879999104
2820000,559,0.1760746014000894,-0.15551361387778787,0.18844339682843253,1.571402434833171
2820000,542,0.1442801714492985,-0.1183475542744411,0.15498997646169166,1.7214008356300574
2820000,551,0.1730913323537126,-0.13542585498234527,0.18452175082736283,1.9229071736510297
2820000,540,0.12901241116999787,-0.05698113488091833,0.1898444570512221,2.1827728463005722
2820000,563,0.15197659030998772,-0.12128661155760283,0.19156774187194317,1.7910907820314281
2820000,591,0.6066670066037372,-0.45471668138961713,0.8598458981776499,6.757383196860074
2820000,537,0.1749179754184052,-0.0867736545922489,0.1873499662181953,3.2254970682579063
2820000,584,0.1535004551477616,-0.0673756940040409,0.15999946878877325,2.7725354919075738
2820000,588,0.2550049841838909,-0.05400845127809905,0.2624321008013697,4.104362144811266
2820000,535,0.18462002113257217,-0.0319895156052897,0.23701029605847576,5.529822404869005
2820000,543,0.16450816518176797,-0.021988759142555582,0.19667177906782102,4.309571610065521
2820000,479,0.17067090859842163,-0.019989634659424008,0.21410863783822867,5.251274428776278
2820000,552,0.16896511654239094,-0.019452629597725712,0.20609843175484832,5.964388082645929
2820000,560,0.16216624481403955,-0.013799662205914736,0.17417170101060378,5.9120713751930065
2820000,586,0.08726376033247583,0.030854960648542738,0.33944197619585065,2.66640499348896
2820000,565,0.09556012192936522,0.06491970834247017,0.3879912212559215,4.188732820677872
2820000,582,0.0821865706068951,0.05355964197857035,0.284867460104101,0.34502057609631004
2820000,583,0.08628938712259794,0.048907499153091075,0.2576169320662828,1.0433982199642835
2820000,544,0.08831514843872391,0.04635448069801885,0.24416201266354132,1.6413853709309218
2820000,580,0.08987682181983225,0.041348908104488415,0.23378952242544992,3.5779195322866717
2820000,568,0.052260536405514556,0.14373383688928537,0.41413130247524904,1.1200107044599779
2820000,585,0.0689246970707827,0.15059011415841564,0.40683680748822193,1.962714595829399
2820000,564,0.06449221957257606,0.1678100228689783,0.4389517487221644,5.081772575502855
2840000,595,0.44762966708199864,-0.27210695581190647,0.4812831423737917,4.4567706299402206
2840000,593,0.7357735232392663,-0.5101249126246183,0.9112232856777527,6.186773108519733
2840000,594,0.6909591231567916,-0.453734990709911,0.8661643443560895,3.5877460784122746
2840000,584,0.1490500265289989,-0.08450722684125322,0.1643190699944873,0.9109811836964475
2840000,592,0.5624613204247194,-0.3710092636940617,0.7530472775367688,4.380265454465767
2840000,588,0.2963416190514075,-0.13624702454220994,0.3112452571260371,5.20927647208884
2840000,540,0.14143873214360908,-0.05999931438481086,0.14716440151770477,2.227728664358078
2840000,535,0.27231023059015214,-0.05331458991139176,0.2774494627166973,4.944607625708646
2840000,560,0.14689906429159416,-0.014713961352796432,0.17350280945296673,0.7654576408116951
2840000,543,0.14815926375488916,-0.0156260973848388,0.1835219293673735,1.0962305752592283
2840000,552,0.14475788762078803,-0.010161259873227886,0.15647954730473082,2.799264714837771
2840000,565,0.12133007872398816,0.057096726331498676,0.369004110456793,1.6475740478344962
2840000,583,0.09629176620497151,0.04729597906477448,0.26611312187181624,0.6611161499959803
2840000,544,0.09773107878738081,0.04842549670925516,0.25280652151194954,0.6474495827471111
2840000,585,0.053065336315710566,0.11981645890303687,0.3377501822105087,3.8637737296584773
2840000,598,0.03792081193588866,0.10308139851783872,0.17234649133290317,0.6688283517282934
2840000,601,0.05024631706010559,0.08961925458102807,0.14797320712857037,0.6495748204595349
2840000,599,0.022728823653222284,0.10828026363117138,0.16997532606031968,0.9479873902688143
2840000,600,0.04181401721853875,0.08923000607104463,0.13827916302281748,0.7765098425869256
2860000,559,0.2058877386605063,-0.148155953152432,0.230477848746065,2.602812648210421
2860000,537,0.18937146741722283,-0.08599633150297638,0.23624336113258038,2.5495449242948327
2860000,479,0.18946027725753045,-0.01576187486077834,0.21847783018799902,0.987426160925764
2860000,543,0.18039291238554697,-0.016371367396239053,0.2009419247487571,1.8323617072797245
2860000,560,0.1718289721902626,-0.009400314779653808,0.17904649929802613,1.3042887380087436
2860000,552,0.17521559539620998,-0.007860464282833662,0.19201600002337077,2.342970921237558
2860000,565,0.16938862597516835,0.005720647373671535,0.37280812248857914,3.5226396212615834
2860000,580,0.08823630386468893,0.017867208246138126,0.24755123368409365,1.363328852629729
2860000,586,0.0779717954948165,0.0389355755114948,0.336284697178217,0.6356204801271917
2860000,582,0.09523045504925919,0.03186922586994516,0.3034756973213804,1.5707351500536273
2860000,544,0.10100133630438689,0.026897607914619044,0.24479612969646167,1.160076460001009
2860000,583,0.09030178362051146,0.03253238847192873,0.2482588286373862,1.1964732398348
2860000,585,0.07407041790027039,0.0546604542068381,0.33362267194482836,3.429123335977574
2860000,597,0.09971401521580807,0.03946071138374395,0.20694703274722823,2.4286341625103445
2860000,568,0.09997527688668191,0.0699952302812027,0.30075771952665337,7.1707126344403225
2860000,598,0.0979228211049973,0.07427736795633401,0.2817552128381183,6.403159693136587
2860000,564,0.05945627627743172,0.13418655804730764,0.3806911444681799,3.372757076756874
2860000,601,0.05222272002216076,0.08769884312901005,0.1515265808767623,0.22483668410538518
2860000,599,0.043524279247642524,0.104752687820936,0.18075212613335104,1.1843080092300213
2860000,600,0.04457952794377938,0.0980420520977863,0.15973446737004648,1.1679365237257742
2880000,604,0.5192518760776088,-0.3464624923181344,0.6410106227154839,3.7220678591816503
2880000,607,0.664925517999074,-0.1088193347385333,0.9401518554693685,2.119601715989165
2880000,588,0.22870290568122406,-0.10702744718183997,0.34245222104093137,4.000829240381919
2880000,543,0.1842023627470484,-0.009949729045095725,0.2014506354804038,0.37419292409835425
2880000,552,0.17909462365105946,-0.0056703110289778045,0.18404796083746297,0.45643531837889756
2880000,608,0.1763342655119396,0.047647984658239516,0.5376121929128073,6.77784875729004
2880000,565,0.15690476683477822,0.026969497419881586,0.3338298328234408,2.305790229261355
2880000,582,0.08052727196690954,0.02897799156006993,0.28880927815457574,1.0483876665672245
2880000,585,0.12509907593940797,0.07264809190125546,0.3998025892162532,4.274125788144723
2880000,583,0.0955292528221605,0.05215995115664839,0.25618465914316724,1.0901679233071833
2880000,544,0.09726118794905345,0.0498371985656114,0.24116792714398863,1.1761987318442098
2880000,597,0.09834450439810637,0.047293909156952356,0.23177503907726632,1.303518743208561
2880000,564,0.08731297498381689,0.1748826738844846,0.4932415591890376,6.144055126886539
2880000,601,0.05563893705218579,0.08905535707583204,0.15772020629078898,0.36010992992915647
2880000,611,0.060446097191015354,0.08494875996961944,0.14680118464700712,0.9758792033095731
2880000,612,0.05586421319026209,0.0894976669052923,0.14876458471158815,0.8246924358798514
2880000,600,0.05677165507089227,0.10367274667515104,0.1626433829300254,0.6870488975362926
2880000,615,0.06162181715299421,0.09850525155480239,0.151094380344673,0.9590833109035095
2880000,599,0.03423918634463555,0.12385714588698489,0.18076700101350524,1.0620657812453882
2880000,613,0.05714777277283497,0.10046816189913631,0.1525968298582056,1.1013384420967656
2880000,610,0.04192126055978898,0.08735670927366257,0.12476327730453649,0.43125234157659514
2880000,614,0.05790194148024422,0.09175653728314628,0.1336776516492742,1.0414854796717785
2880000,609,0.04674121217419975,0.08271714574606406,0.11753154109965201,1.9339518967055092
2880000,580,0.05177296951519835,0.1144165083166371,0.15836662044440528,6.820050830950381
2880000,598,0.053951066452346166,0.11228498074826695,0.15366097641099727,7.033176246053703
2900000,607,0.6167137821363761,-0.079083337369195,0.8389143736452175,5.8003510110464775
2900000,479,0.20472226950953487,-0.014379058257833853,0.21785647302014435,0.7668550612528846
2900000,535,0.227267261610238,-0.013771569817632846,0.2705810140654751,3.016494272966304
2900000,543,0.2111119405093381,-0.011306368850779755,0.22780512469175151,1.8844926031283102
2900000,552,0.19534277430910246,-0.0029494114673694343,0.2012001458088978,1.18912062416428
2900000,585,0.13412443808291444,0.030399575278710886,0.410080659311557,2.2203789336005477
2900000,560,0.12929036250589473,0.010771565443733793,0.19099804748671217,2.4286197570493493
2900000,582,0.10549158966242142,0.024569282369307874,0.2911233498120085,1.2728008508471496
2900000,597,0.1010057348310117,0.02956713045817733,0.23162414003030618,0.8963029635323357
2900000,583,0.11970291827969291,0.05914111408619942,0.2753098270472494,1.580249019032259
2900000,544,0.10854420141558506,0.056888985855986514,0.2441955600630847,0.6822768096004436
2900000,568,0.10628734629615956,0.06872000257229983,0.2775322128539841,1.2050856672264232
2900000,586,0.05757456169090435,0.13316919742989003,0.390838830220881,5.538992705977144
2900000,611,0.06055135035139502,0.08164680542252487,0.13931006230373336,0.40936199145970975
2900000,599,0.051244409000738345,0.12879439828710945,0.22344493961937198,2.3102816400237325
2900000,600,0.05880786169831974,0.09668075019721918,0.16195775322816608,0.36573296359865753
2900000,613,0.05530911028890894,0.09608070258565246,0.14971404739405902,0.2781227862512537
2900000,580,0.05954591238702861,0.11612710149959508,0.17336482691383426,0.8489566644210123
2900000,598,0.06402105262027259,0.10763555114173846,0.1615254988307839,0.6798391905068798
2900000,610,0.04627727882144471,0.09288325811816518,0.1287490993552274,0.4043649794626303
2900000,609,0.050613849751482844,0.08662701728352862,0.12166358109430082,0.3440863691060642
2900000,614,0.05792431710658184,0.07833254225463784,0.10971901688074921,1.3731535995343416
2900000,616,0.058067832516717335,0.108574768708109,0.1454225623615474,0.5097562527970232
2900000,615,0.04263632868644126,0.1503825103441759,0.19353677019067725,3.4831936522584592
2900000,612,0.06213055728207413,0.10298984457086163,0.13660554665823507,0.9606614034340661
2900000,601,0.049002901044433125,0.09983765753043657,0.1265604982916115,1.6816824756650404
2920000,607,0.588276583709405,-0.06223249339164353,0.7698340678720902,3.8290709848602535
2920000,617,0.41473658989026674,0.007498417656971566,0.7257175678304846,7.003957210030981
2920000,543,0.21178086132007515,0.0019590814476586845,0.21723097972454072,0.8488700849643702
2920000,565,0.1344339811961932,0.020662888578295437,0.3159689108428874,1.469457430730324
2920000,585,0.13676339958319417,0.033939281366551825,0.39462068605363904,0.803903616927732
2920000,582,0.09969474572207403,0.037104378281134345,0.3410755351424003,2.5913089590346234
2920000,544,0.10778117085674131,0.04341651933703916,0.2629172929352912,1.1538986648273581
2920000,583,0.10649314742680435,0.04975519942378835,0.28249795012916695,0.8863725986805484
2920000,597,0.1103092872387933,0.040690003499784216,0.22448462232338717,0.8081570162899254
2920000,568,0.10534314246727776,0.049487505488285816,0.2294498810891626,2.5897350698958794
2920000,564,0.09163373612894199,0.18909536740909308,0.5381704868778896,2.366050600350593
2920000,580,0.07642853219479767,0.09978642867580294,0.18288915615260787,1.2676289750519012
2920000,600,0.06745698168590863,0.09596407628597002,0.17054918039897363,0.6106011768864869
2920000,598,0.06913206323881602,0.10383845829181418,0.17424122502771486,0.711038037606157
2920000,613,0.07655803749251085,0.09961687993968489,0.17194914941593714,1.5479189412776702
2920000,616,0.07353497607559979,0.09621915579844083,0.16052804515471478,1.2450595474306774
2920000,612,0.06935281596076304,0.11365996019367428,0.1660363070087933,1.606379502669028
2920000,611,0.07345695366505813,0.10806430115030205,0.1538073544833632,1.6390623523514245
2920000,601,0.06799444929380033,0.11098578730288843,0.1529589840729172,1.7188948149008918
2920000,610,0.07643380251827188,0.10187473520059684,0.14493737724639844,1.7694087449505336
2920000,609,0.06884804692870589,0.11071574368860895,0.1469588019716737,1.9701528403601996
2920000,614,0.07274101978003467,0.10147110808278101,0.1367840250452755,1.9283688532297796
2920000,615,0.06415428284988503,0.08644575615979877,0.1109719236710304,5.331014154883285
2920000,599,0.06678175374404416,0.08456459450218669,0.10618585341151253,6.314146403677087
2940000,607,0.5779251331119581,-0.027637540566963475,0.7620871145060581,1.8466040296099606
2940000,619,0.3147089423206172,-0.006635674559326562,0.3191279882946512,3.215657805240836
2940000,552,0.20374672171411645,0.004539454023881705,0.20739465421271475,0.642419980809385
2940000,583,0.0970876941378479,0.020719543121472613,0.281782587366176,1.5264694824656857
2940000,544,0.09888931326621744,0.022096957979408773,0.2636441064842607,1.1555486638680448
2940000,597,0.1032285076766032,0.030738486184112505,0.2218498274282073,0.6247244997439046
2940000,568,0.11578034744009735,0.04751337170031621,0.2707542126104798,2.1324166186983335
2940000,565,0.1202201985724988,0.06240517460876667,0.28369133651607076,2.7323487441880863
2940000,582,0.11917367767999389,0.07479578228738977,0.3448327230739865,2.129663815803621
2940000,586,0.05594285204684423,0.12446555253165806,0.3706410810076958,1.1026842070100584
2940000,580,0.07802745343322473,0.10319974965328362,0.18123310794748748,0.20585070366460506
2940000,614,0.06525829499732728,0.08062303130711909,0.13661955537623902,1.1075429175540672
2940000,611,0.06982412462895202,0.10781535000069244,0.15460766374392634,0.18641297160478615
2940000,610,0.07400293866194069,0.09968114090064799,0.14291435991491064,0.19244190139029915
2940000,601,0.07955887284613412,0.10966065746157348,0.15222681213219116,0.5831550757407982
2940000,615,0.07542607983466715,0.09211795388251692,0.1316769110274885,1.212356935583372
2960000,620,0.586271592493403,0.04575096472007916,1.056533135303564,2.9024304117192283
2960000,544,0.1285677678661322,0.017746688854548977,0.27256469271618095,1.5646983476209038
2960000,535,0.24794564579434408,0.010877430962697212,0.25228613606099326,1.8505886719724303
2960000,585,0.11428203482218505,0.036796543043319786,0.362851632881791,1.9511845410178252
2960000,583,0.11579984942341054,0.030065466387780477,0.3118284206466164,1.8304665625508878
2960000,582,0.15285836780786563,0.04325903125506314,0.3832031742907373,3.000631825658868
2960000,565,0.1402482023257636,0.062247510156925305,0.3274222093398722,2.404961034170647
2960000,568,0.13831466600999467,0.053150347808646525,0.2856957888482486,1.3809613621718042
2960000,586,0.11531762857433447,0.08225160594398537,0.3512799064845299,3.7690305295635307
2960000,597,0.11797735856416806,0.058503658708166276,0.25553523313120846,2.303877147967029
2960000,560,0.11200779365228761,0.05146352150232978,0.22623546170786082,2.8267462899273377
2960000,580,0.08518327268021976,0.11788826228223756,0.2005377201347501,1.2645416205558564
2960000,612,0.07454906459533533,0.12667516363873202,0.16142064177589344,0.7377345154775157
2980000,617,0.38523899906180276,0.031901275697247836,0.6851985650579364,2.7872015225397337
2980000,585,0.10475806923325946,0.038370025002361696,0.341097899284761,1.1899650114867055
2980000,560,0.1238690219844692,0.038650269555776585,0.2269583422013072,0.8737715937271617
2980000,568,0.12358462363009345,0.04836405862798069,0.28043728628474224,0.817824189305146
2980000,597,0.1236619247350324,0.0458803048027597,0.26590140235639736,0.8647554867957359
2980000,565,0.13450570139801135,0.06929239728565215,0.3071484778206828,1.1108903425562662
2980000,544,0.1183084463185311,0.049834927062564316,0.2286770443048868,2.7663307796541505
2980000,580,0.11407520053647126,0.058951471203238584,0.24021321442716712,3.8348512635068484
2980000,586,0.11068591386733084,0.08139181349955964,0.3142217707812292,1.8678178752081358
2980000,601,0.08549353388688377,0.11075013227498859,0.15522278139552892,0.3368344877848843
2980000,615,0.08340718842645418,0.09569965657331443,0.13010653977818698,0.4443893404993975
3000000,617,0.36119124466628993,0.03277104547176067,0.6185436978274884,3.543276138136926
3000000,620,0.6569316009092157,0.09992769368404783,0.9616167465115426,6.507126019195458
3000000,583,0.13086140538611987,0.02594029631681989,0.2983800664963374,1.0304437460185547
3000000,597,0.13025201906011702,0.02043403130112501,0.2669513353586321,1.315336969793948
3000000,568,0.13490091684083164,0.0438108887443677,0.25646576802831406,1.3448266947256706
3000000,560,0.13404779986878754,0.04091610924027706,0.2341963942669517,0.6346868251333215
3000000,544,0.13350862344074194,0.037266143794220774,0.22012198033202068,1.0749521116926628
3000000,580,0.13430003016049655,0.0461728006395501,0.24078049799958143,1.1965157388723107
3000000,565,0.13189712298867476,0.05722176093738381,0.26395003896091823,2.2464472301228273
3000000,586,0.13373770060723925,0.07797891245460072,0.3351727339091942,1.5668245126961795
3000000,552,0.13131654608281396,0.05266639634047599,0.2414841285624269,4.670231573531928
3000000,585,0.1315992560399235,0.05887420420892003,0.25242382750854214,4.744460369604457
3000000,582,0.11671937782585798,0.08180998624831724,0.29963516562243747,4.9436360102146955
3000000,613,0.12254133147139627,0.07425277102609597,0.2790043568073789,5.9620924967148925
3000000,601,0.10410833306453277,0.12111703123913252,0.16783676655141083,1.2380387353287652
3020000,617,0.42022913665338896,0.045494543097978866,0.6187919885049907,3.019694409367149
3020000,623,0.41124368117432836,0.025492103123868366,0.4312789587357812,1.633843347204359
3020000,607,0.5230712289432314,0.08541519930361015,0.7931748843035806,6.472310682009014
3020000,544,0.10877425031884679,0.02329885651053818,0.18078086118132847,2.4262099990659363
3020000,560,0.1077887578786403,0.02731664055148244,0.19170965394680553,2.5882455147692984
3020000,619,0.3040520180943273,0.03917782117198182,0.3566859172749328,3.0095865390346277
3020000,580,0.12585862218380442,0.029784754500464944,0.20007971649481665,2.234042882301248
3020000,552,0.12580872447760358,0.027129027087198346,0.1873236233317038,3.0065984326395574
3020000,565,0.12440865360174305,0.05419286717992342,0.26286145284376505,0.40754260785669544
3020000,568,0.1313699084736372,0.04694636545559805,0.24057603532546973,0.8288287514072276
3020000,585,0.12987287698624495,0.06519440312031186,0.259555264315192,0.48420731573309267
3020000,613,0.13015272137773248,0.07027228451678295,0.2746973470521,0.48043694224415906
3040000,629,0.15771411026037452,0.040874169733789434,0.4426939588452654,3.0339157074395056
3040000,583,0.09674301771951568,0.033761621813999346,0.2826527597069395,1.9187142103172639
3040000,623,0.48265027800817034,0.03488458424165113,0.4914270083987293,4.691723737389925
3040000,586,0.1472395182844837,0.06863365743213956,0.31999940625175294,1.117880521594838
3040000,568,0.14246328737792896,0.05233454314473812,0.25103971679226317,0.8086781562563209
3040000,582,0.1640446635719965,0.07511973953343942,0.3169512758904146,2.5417955006610677
3040000,564,0.0625217425663533,0.13785082799594148,0.4269414809995822,6.293926186715808
3040000,565,0.07743632035989013,0.07935527287247386,0.25693416567675503,2.680801877974376
3060000,597,0.1593842452289871,0.023498014862926825,0.2773137203498448,1.5535874770408815
3060000,535,0.2181362967472219,0.01317150100016596,0.229334470056683,1.884568266422967
3060000,617,0.28643389808742586,0.07047901245060958,0.6656429348566761,7.197291286623742
3060000,568,0.21228784139925175,0.012907078053071525,0.21492174952910534,4.397300565987544
3060000,582,0.19330799994658893,0.02827564420712757,0.28147465227027874,3.2822640609029
3060000,585,0.1881813978721993,0.03130522720982377,0.2603261001087348,3.372296709818247
3060000,619,0.3686141251742235,0.03740074470160462,0.3687863641356134,3.2855153650552693
3060000,607,0.5538746783883446,0.10279005150008654,0.69380092060197,5.273974461527112
3060000,613,0.17885727207382562,0.04201851945872,0.257991823381265,2.936614981394972
3060000,586,0.19626393563184716,0.06790895047843072,0.3411793579501972,2.6704442750063415
3060000,583,0.18838329813743382,0.058494599361272104,0.30341017870836917,4.858119908212816
3060000,629,0.20507294681788493,0.07944420141775976,0.38339791230758125,4.256327019621104
3060000,565,0.15492828777231674,0.06688610817793675,0.2861778187399398,4.187981711429741
3060000,601,0.07705615266768386,0.18124424422969085,0.29006714975788217,6.943948585825729
3060000,612,0.12253301878622906,0.17770067689309524,0.22638692504143865,4.7766831651272526
3080000,597,0.13490170107405247,0.03358665912242979,0.3037746545674086,1.8717349912309724
3080000,586,0.1449097614070567,0.047551876149436956,0.37362474409717766,3.2032658209134706
3080000,552,0.1338539989136556,0.021113545391130483,0.16535858796417913,1.207658105056776
3080000,607,0.5713813467532077,0.07743778712808899,0.6845030441613499,1.6090923313548495
3080000,544,0.13343893440445945,0.021297835756385834,0.15753968900274595,1.697426588498116
3080000,620,0.7585575790279574,0.16307904719770458,1.0339283376748363,6.990153627740443
3080000,580,0.13420959736784557,0.02455927233277388,0.17205727774022905,1.4851780399702432
3080000,560,0.13333888962056753,0.045013419996794896,0.22468318439215193,2.2656339867662076
3080000,613,0.1326465082602981,0.03930921372864743,0.20585611692659664,3.486010225636169
3080000,583,0.16427306646225015,0.07223922843401558,0.31776953863870433,1.562377449103809
3080000,565,0.1388146604423471,0.06167768240974178,0.2551784886821115,1.7661647352003422
3080000,564,0.06402505885805555,0.1271017996726691,0.39133767856045554,1.8610697984571731
3100000,619,0.2875246720574603,0.019865711980027078,0.3314317982189634,4.549269274879175
3100000,535,0.24996275771375315,0.017434261705926418,0.25479706337729363,2.0490475867458016
3100000,586,0.1746131753360545,0.03853634163337505,0.3485651758947911,1.9947146538651521
3100000,583,0.17107421123251138,0.03297769478849939,0.3236634931239078,2.0139900036108056
3100000,582,0.166704679001329,0.029854128680671946,0.2929175736134167,1.4501454646129202
3100000,585,0.1612032532974367,0.02439634491252751,0.25420716184949044,1.4256527844422107
3100000,597,0.12671813540359828,0.03659956430397226,0.31445090227899875,0.6892579522842586
3100000,565,0.12652555255133646,0.03227856972668643,0.27757395907465754,1.9473617366910105
3100000,623,0.5138344522670286,0.058287471464598825,0.5551237516506267,3.734107308137708
3100000,634,1.008784963779483,0.1384153705308022,1.2618833491409427,6.952180354589768
3100000,552,0.1259307128135737,0.019791339639542837,0.16367040552599257,0.4104164062811202
3100000,630,0.46629220366335117,0.04863497105944471,0.4872362766296535,5.2204127981037365
3100000,607,0.45861627499189234,0.09858694580140577,0.6042600151658819,7.000391421965499
3100000,560,0.16130281037019528,0.06075471174890798,0.2717063218087538,2.846464729369235
3100000,613,0.13688417729864025,0.04311945418452591,0.21700624596867718,0.6261013273927483
3120000,619,0.3105809263013128,0.022195900021586237,0.34918196290510517,1.4595281621566485
3120000,582,0.18226692916577808,0.029607018234888656,0.28951062439233666,0.7966366749471319
3120000,629,0.20084781278856395,0.04228961938812977,0.3835703110818518,1.8697222017585928
3120000,535,0.2683096304967322,0.017844156974368645,0.2696133371122398,1.1792982261018234
3120000,638,0.701891079498814,0.12397408265715039,0.8394610337358085,2.674930924866552
3120000,580,0.16131277787118295,0.020005145772569306,0.1834370411534133,1.4872974462619228
3120000,568,0.24117133946695854,0.031743071321855346,0.2522372437677406,2.5404218219237293
3120000,637,0.3192952408948806,0.057471388633434456,0.42197492174250767,4.67029382319646
3120000,586,0.2965242066289408,0.04693771970833663,0.3725009142910179,6.226114815241154
3120000,544,0.14176069355648505,0.016303355168875287,0.140948724381237,0.9610627175105468
3120000,560,0.19796801024769134,0.04689267995165531,0.2778505626385848,1.9838375078240047
3120000,613,0.1771874295244856,0.03521324914727022,0.19863894458635348,2.249565501458196
3120000,585,0.16746847469470977,0.05855670101265985,0.2734834018065447,1.9860490646800695
3120000,641,0.6373777632611833,0.16647955893268823,0.8388001463613551,6.116401668399762
3120000,583,0.15431346243112912,0.0946025048255587,0.35755542278662916,3.6149698507558585
3120000,564,0.06736267604626321,0.13387790878006148,0.41536100372849954,1.2591420643238411
3140000,619,0.3047153226061301,0.03136051169396193,0.3489022667703966,0.544227993910081
3140000,582,0.20652080483014687,0.03493811830083874,0.32705918927153604,2.2508697414240117
3140000,629,0.18819146952456223,0.0482431938363102,0.40186344802635965,1.1513762773272542
3140000,637,0.24298694951205105,0.052772968001706506,0.47349681775434704,4.609646477457424
3140000,586,0.23229023053522913,0.049162581940153105,0.4305418475161527,4.330041462388855
3140000,583,0.22148656286476093,0.04565965931879303,0.3871574018507228,4.411321999320882
3140000,535,0.2590257907665887,0.02059540406612886,0.2601623473194398,0.6765357506416757
3140000,568,0.23807299708603352,0.031207165049439992,0.2444284990774873,0.4209020511942458
3140000,620,0.8320951060233005,0.17475235354620186,1.0579881482600841,3.912450780231838
3140000,560,0.1939092348279388,0.052098330893279206,0.2765587461224623,0.3363080787958573
3140000,607,0.4471095006762417,0.12152302340419048,0.6836483181301762,4.1716220342041
3140000,585,0.28785473262056455,0.060390039355171385,0.3455647159770292,7.016396525178122
3140000,597,0.20921459343332882,0.0699256480966737,0.33805272160142374,4.602537160017735
3140000,642,1.233959001920394,0.4081129204279697,1.912615731705474,3.0278063698453055
3160000,617,0.2338133469875997,0.06902787606486384,0.5994980134593184,4.2267537252370415
3160000,629,0.20075696532317303,0.050583965020323154,0.4172494010560088,1.0001230487187314
3160000,583,0.1926763505457931,0.044630902225280086,0.37269882545178346,1.6125578334632094
3160000,582,0.18542773853888148,0.039596888285160184,0.3327353021139812,1.1167361375171645
3160000,560,0.18092464893635574,0.034678563610824775,0.307908573044863,1.9071309675893062
3160000,565,0.1709339001496567,0.02741821551403664,0.2528269212860626,2.553497728017299
3160000,568,0.1764190448041621,0.033554731909985196,0.28306798070578776,3.6399623770870826
3160000,544,0.15276921040147246,0.015472448959826114,0.15268016188118333,0.8054571280796929
3160000,585,0.2588988683140628,0.05290834839211153,0.3190593272039511,1.998094974854355
3160000,619,0.28221455287768565,0.05241726479795474,0.3252815356045441,1.9413979695469892
3160000,535,0.2704371292740974,0.04595755729302901,0.30090191800961424,2.4663586939339495
3160000,597,0.25871588045042737,0.04193098955901866,0.2766385838820184,4.1850252791372595
3160000,613,0.2138795836236724,0.03116034459417301,0.21533895918983056,2.025852101901404
3160000,580,0.20056025389821003,0.052165104423686895,0.29521958916553803,6.137989360331408
3160000,586,0.1941351057160629,0.07542413824883727,0.3532029505262287,4.507434935009718
3160000,552,0.17186349457347003,0.047949044367433837,0.23929478660659026,4.642661895284002
3160000,612,0.19078201843368667,0.049026101757708974,0.25697683579790787,7.441574913826976
3180000,613,0.21020404477752622,0.02092238343076088,0.23054036533570216,0.9346231639072607
3180000,597,0.2356870908217468,0.03117362655699286,0.29955251101528557,1.7110625844691196
3180000,617,0.2519574502780681,0.06951368672632204,0.5451699195838691,2.8639947103449797
3180000,637,0.2349439168049097,0.05951587788938624,0.47206810023984164,0.5296188313725475
3180000,629,0.2579207972858651,0.060457125139292724,0.4815115401953793,4.3286272368273755
3180000,585,0.2507786303428416,0.03698207761510265,0.3404228026653371,1.3928230768488792
3180000,552,0.20110471886253578,0.02210354705295146,0.2058979421127629,2.5682621320171206
3180000,580,0.22513716160141534,0.0419133615793275,0.28022454805002095,1.5280493133852016
3180000,612,0.20576510781578028,0.03517578161649709,0.2259724928070723,1.855797416031206
3180000,565,0.20135153197740738,0.031655459189618575,0.21361213273105878,2.490474955399325
3180000,544,0.1948919678969295,0.02950117569673422,0.19552191724759174,3.084861372799071
3180000,619,0.3362618661754066,0.08319972227814197,0.4485985486690325,6.905750769172157
3180000,535,0.24742277566114262,0.05151582811438716,0.28603190570653697,1.397919983975617
3180000,568,0.198342176207177,0.03292433566872233,0.2051843357974529,4.045640627311839
3180000,607,0.48811177687913915,0.1471460298785135,0.7044682189973067,2.632106279540697
3180000,560,0.16061743511810486,0.06204340524326953,0.26144024575229213,2.8811989396770357
3180000,582,0.1639083928482579,0.07186332279913661,0.285648277658728,3.050161023309631
3200000,613,0.24429208651866183,0.020042168730829153,0.2509094471864146,1.9859939974131362
3200000,585,0.285973061023062,0.033470268171067054,0.36439545473754364,2.1363922883281106
3200000,580,0.22485635247318028,0.02880210665283668,0.26466364350545707,1.017503820335529
3200000,535,0.24151347622447683,0.025265001333031285,0.2637045657211724,1.7482389977910548
3200000,597,0.25340329418329405,0.021586754294545173,0.2700854465663353,1.7847127700016427
3200000,583,0.13206925443002346,0.06186533486258225,0.4308716210709747,4.287866578517819
3200000,637,0.20310116980882403,0.05669294888827759,0.4263438642988595,2.7895497919864347
3200000,617,0.31384119519574655,0.06631801935208442,0.5419577738386377,3.1024700060160404
3200000,629,0.26808365044733334,0.04897455769831595,0.4105847535454987,3.6282716284395726
3200000,586,0.24904102447127466,0.036066687703942904,0.3288125631381124,3.591155741780806
3200000,552,0.19979586198579766,0.022995563631262372,0.19819164874957612,0.39336928355955464
3200000,582,0.2667054847881443,0.056719978432830886,0.3183769358038615,5.446955125084794
3200000,544,0.18702053165702937,0.030446841921060844,0.19505534942551303,0.3970877693257646
3200000,612,0.26631464618535816,0.050312248684214675,0.29090669710804845,4.503279394025534
3200000,619,0.23583372076872558,0.12142953130829713,0.48656224106877444,5.698370957767191
3200000,560,0.18337206975351175,0.08020393702790772,0.3331870336696087,3.8714273493584113
3200000,607,0.5259099937935532,0.16076840164034945,0.7019375994987506,2.012882416693306
3220000,637,0.2194874650307137,0.054238900923208315,0.4224591398505138,0.8509173087811758
3220000,560,0.1982719986498731,0.041032693518422036,0.32752718096631084,2.114490560288149
3220000,586,0.20727877140278897,0.0471552184582898,0.3678294097889274,2.910908628856097
3220000,544,0.16687208048169153,0.022779535938430424,0.18702328220681297,1.1502844969853863
3220000,565,0.185323862823501,0.0468549487674409,0.2299937499222707,1.3750164032956314
3260000,580,0.21311103326551162,0.01788573955644668,0.2797804994842773,1.1018608448410916
3260000,552,0.19316785744503248,0.011327438644019656,0.21639993485873943,1.1309479076680224
3260000,560,0.223095549792808,0.022775839994188665,0.3115118696887774,1.7363838769606115
3300000,580,0.1579289143887687,0.020726084356823358,0.2747936233722226,2.7739875340694113
3300000,544,0.08049873244074368,0.0331640751723003,0.23765881783787174,5.032929409287079
3320000,544,0.09450135276188036,0.016102564098917537,0.19775898728193167,2.2798930974706915
3320000,565,0.21406037003185366,0.05719292495412715,0.23222266525170268,1.531036137488248
3340000,580,0.06572402655461729,0.03735044315325565,0.371302029611924,6.72532213370263
3340000,586,0.1768990508141633,0.03106461340103039,0.3847469458042158,1.915749213088869
3360000,586,0.1339356852178017,0.023183751343412284,0.48703512931946286,5.561211931087208
3360000,580,0.10685406113400901,0.031221252058261664,0.44071028655063577,4.045600344587669
3360000,544,0.11364097644757896,0.02183091641597704,0.276563787143931,4.064891049089841
3360000,648,0.07181547587934424,0.039790532091416024,0.35735837813115495,0.9781358291313295
3360000,552,0.06789220733830814,0.05207662216277786,0.2656373231287298,7.031856950827008
3360000,560,0.3030368820173335,0.09845233186372701,0.4036831503266221,7.178630265226888
3360000,565,0.15971958835312466,0.06174404725750672,0.2247885638510643,2.7517717616612853
3380000,648,0.07903556692550663,0.02944295443364293,0.3396893107748334,1.0855851179672045
3380000,552,0.051525824875725934,0.08026580313420421,0.3254419097032993,3.4055384941689186
3380000,560,0.35008197074507325,0.10896026281723363,0.4584454683915305,3.647796754949061
3380000,565,0.1589811782735354,0.06149369661952131,0.23354142395891164,0.4393759351487179
3380000,544,0.09594528509235536,0.03273916830902229,0.12889639194789868,7.456169770043237
3400000,565,0.14628263961453217,-0.007152438950430803,0.19063444081472827,4.097119114480832
3400000,648,0.10931910365753977,0.02092029943256192,0.27974692184469635,3.3848257842611584
3400000,651,0.2666783314783483,0.06194513378228645,0.31295171312095366,3.5952186408627558
3420000,653,0.17604575438775755,0.021262129737073587,0.7005469941676301,2.3943849475200003
3420000,654,0.20878302354698092,0.042279365990549996,0.2401048418049127,1.2563818774733868
3420000,651,0.21310809087427257,0.04455277373008962,0.2525108413698303,4.130788013381816
3440000,560,0.3373557695802384,0.06090829394601503,0.3884699749865454,4.291712241564991
3440000,651,0.2657708032089531,0.06082497606885905,0.3206185654031592,4.380869751658695
3460000,654,0.20363711267115306,0.036027028296067104,0.22753723242662402,0.7475241315052391
3480000,654,0.21149829105849133,0.028324806168800908,0.24177986094927198,0.8999650251113213
3480000,565,0.19993078664942518,0.03356193606096037,0.2325350010199408,3.9659302056252614
3480000,648,0.19650791601655812,0.029652834442021294,0.22190192066344644,5.249807217871516
3520000,654,0.26808525020819235,-0.03437897210912056,0.27202593395961305,4.4857197551461985
3520000,560,0.2694687805596451,-0.04149299984568922,0.42096719429035595,6.354277596819531
3520000,565,0.21384246581685581,0.01976666431493677,0.23921091432285402,1.0349059839330506
3540000,654,0.2576658800601765,-0.040566687744445246,0.2644219192386288,0.7153183538501424
3540000,648,0.20100916474709976,0.016716553725181667,0.22620885311225172,0.7179106247257583
3540000,565,0.19917611659432174,0.017763234451891742,0.22074810897185596,1.1832061445098114
3560000,659,0.47933141863138046,-0.25360352310360273,0.5408385644698028,5.40391254794157
3560000,658,0.36754564012409446,-0.13247425313947656,0.5266983328953798,7.246233120580525
3560000,654,0.24455564141182284,-0.04378104818339888,0.2561572268328727,0.791384247711026
3560000,648,0.24632281670935588,0.005687008132632615,0.2679438137832515,3.1292111115840737
3560000,565,0.20868308262939328,0.011078704258409766,0.23139502264057799,0.7880706151240445
3560000,651,0.21193255491829383,0.015542063892465624,0.28102138294376733,4.036408048285011
3560000,660,0.09643964364803606,0.06932205320124234,0.2448737917603609,1.0742398795319295
3580000,659,0.47776928392107354,-0.27762252784267694,0.5584480951964913,1.4911810972539519
3580000,658,0.38733273860427814,-0.20542415980201084,0.4426487559009548,5.651891174925152
3580000,651,0.2054908141984573,0.008738624820423471,0.27398470305259287,0.5858704434417407
3580000,565,0.18542063242131707,0.010379250172049654,0.2056027618938899,1.737002835437595
3580000,660,0.08749318999006968,0.06571546641559886,0.23122507241267065,0.8356644678465934
3600000,651,0.16562329590266947,0.010748086120913323,0.251920582955967,2.280505615768943
3600000,565,0.14952060044026594,0.027772083219728984,0.24468734668780745,2.792368039038672
3620000,651,0.2026319319338996,-0.02091604593558807,0.2073144168540388,3.302259247127801
3620000,565,0.18102170223056782,-0.0006538660900182,0.24357374243781255,2.1222594814188507
3620000,560,0.30674092297010636,0.008164609236651401,0.4730976432625594,4.053601623767364
3620000,660,0.14875046359874697,0.01158330046403145,0.22204363340722047,4.113102169527031
3660000,658,0.38998842883444407,-0.2516022450029426,0.48949193275063274,3.2915617344937163
3660000,659,0.3757278264525601,-0.22782534793644144,0.46161183898833286,7.461480865975019
3660000,565,0.181963103386438,-0.018160682590341856,0.24712485279528226,0.8944065698596012
3660000,648,0.22190831893815624,-0.008508252586599018,0.35204280902850305,4.435711366164314
3660000,654,0.19901328633796625,-0.007099674161573008,0.2688058318860781,2.9914948251644558
3680000,661,0.19297302894576954,-0.1450850500945124,0.22632798464782947,5.339547331112326
3680000,663,0.3056434654706866,-0.11202043205637773,0.3944651792911824,3.624137979311543
3680000,648,0.20087744986346934,-0.005193701528161292,0.36623456073201593,1.2793450660101182
3700000,661,0.17815411373656612,-0.14464201853287437,0.22059949130690062,0.7946888713503448
3700000,651,0.16963575509294126,-0.12102281981478935,0.18519610994517716,5.385010065713881
3700000,565,0.17088938935165732,-0.12559747193689813,0.19040637328419052,6.099646867989683
3700000,663,0.27176660714281325,-0.13256947908669373,0.34257894128388566,3.2642328955555495
3700000,654,0.18378123156881782,-0.01103225836904069,0.2690859062414982,0.7867006302967566
3700000,660,0.09380846927391179,0.11529118308127778,0.19493891024594875,6.022585340821652
3720000,663,0.2979677690721795,-0.20259725537017745,0.3851244700555117,4.301311531415672
3720000,654,0.11438514064822847,-0.0006180082007485962,0.2401015347927815,3.7961716998522532
3720000,660,0.0786958588918584,0.10600753706819453,0.18670369159785385,0.9777472859050982
3740000,661,0.17586054003757387,-0.17134403574319046,0.19667081128503555,1.796413044793381
3740000,565,0.17004031687332533,-0.12789896346765497,0.23786416771203855,2.376057679905672
3740000,651,0.16270621794558252,-0.10766525003707893,0.1990663277084734,1.0232620586197438
3740000,648,0.21402262373665515,-0.09775124600389333,0.26835870384682453,6.767454838516448
3740000,654,0.21849242285406534,-0.07908003663414084,0.30881781084391563,7.368266877038297
3740000,660,0.06773043302807254,0.10489483813134715,0.18999770418975895,0.5751721095765043
3740000,664,0.0851671846314721,0.11980195344132845,0.20809529327649012,0.6497917164395438
3740000,665,0.08802068197404452,0.11333228607113675,0.19321642010912535,0.3751210554444608
3760000,661,0.16394649232007208,-0.17246938114658414,0.20790420845319135,0.8206706818654174
3760000,565,0.19304775316658507,-0.1644055737336243,0.28862213125415703,3.331082999882625
3760000,651,0.10192276152121416,-0.08190677526883659,0.132533078709241,4.686363414117904
3760000,648,0.16556971192417252,-0.1638852063143023,0.30695464127433775,4.53073717935489
3760000,654,0.14252021771909457,-0.022899373759000884,0.28964352052824893,4.820709554430156
3760000,660,0.05792212494603218,0.1066228439780333,0.19258726531835688,0.5145258459911053
3760000,665,0.06263594628354353,0.09937473278072852,0.17906872604931195,1.611951726278783
3760000,666,0.06477118962820508,0.09909891939198025,0.17294516536743568,1.7245369293549053
3760000,664,0.06843129209684919,0.0946437350367696,0.15829028424495503,2.9127156473183335
3780000,661,0.1200653672440953,-0.16316473320500183,0.22329741650107016,2.371223558237176
3780000,565,0.14930909136238368,-0.16759349128924236,0.1904788810103013,5.374786256957529
3780000,648,0.15399798074219156,-0.19799913809144376,0.22733482612141187,4.369490893922762
3780000,663,0.23459899835223105,-0.21269523962299766,0.3245275598347999,4.412923043976805
3780000,651,0.0965903206286114,-0.07623727240679892,0.1274111713280975,0.4658651194196864
3780000,654,0.13993934024861607,-0.1202852268246618,0.212153860951628,6.224008484719619
3780000,665,0.04798506343805398,0.10035153687455728,0.18048710227265866,0.7375878007073732
3780000,666,0.0529317588969279,0.09633161970300624,0.16890577952313698,0.6405987543080822
3780000,664,0.05686633460769894,0.0916941808494017,0.15969405594570835,0.6008716306706194
3780000,668,0.06498231416892555,0.09866816105851138,0.16552690911803494,1.2592341516447245
3780000,667,0.063988851654456,0.08686005238022952,0.14234878868513337,0.4856958443127924
3780000,660,0.06612637872014684,0.0827511331571237,0.13736779807138816,3.035769227290778
3800000,648,0.1645090647957075,-0.17960466416623994,0.2978915039543789,3.6834373707822774
3800000,669,0.11231550400849567,-0.1103704521198894,0.14297483678365042,1.9678847953078653
3800000,661,0.17240192497337684,-0.1653092148243671,0.24701581526993005,2.87501152890074
3800000,654,0.1472590075431058,-0.11265785985581413,0.1738837331917331,1.985168087932462
3800000,651,0.083296542982052,-0.0837913350080463,0.13303193237017008,0.8145264584281586
3800000,565,0.12810062931735539,-0.12476687639793617,0.21235125874981764,2.6278882745199352
3800000,672,0.11094605710740425,0.023923056400638267,0.28825079514747853,4.599321635599492
3800000,675,0.11047722748284373,0.09229462409377032,0.379400833034066,1.3440266450441403
3800000,665,0.043468367498118166,0.12296710412947923,0.2177332011859241,2.1903974004347266
3800000,666,0.05140314276308207,0.11142107151702015,0.19656282173771755,1.5771336400184934
3800000,668,0.05958588654773333,0.09903358103011944,0.17473086760039272,0.5337785462422175
3800000,664,0.031378456050842635,0.10985787021072863,0.1859384580947043,2.042253784855141
3800000,667,0.0648982408851546,0.09211669441077829,0.16055723762567733,0.9486923724667535
3800000,660,0.042538729491782876,0.09122741123974269,0.1524950809819471,1.4637786500273149
3800000,676,0.04788619893813778,0.09078989741600997,0.15317959436265474,1.7713544951005602
3800000,678,0.052258071098930645,0.08564785230568656,0.14450381322484826,1.7128516892079062
3800000,677,0.04946850219736406,0.10034631624040122,0.1619489657482178,1.5755891418000794
3800000,679,0.05227518994116487,0.09476277266535091,0.14600390929923973,1.720650090359757
3820000,661,0.12131069719966857,-0.2100046471805874,0.23426218383378528,3.453494731334993
3820000,565,0.11543604175170391,-0.14150591245383412,0.23664324185264582,1.6052161453810476
3820000,669,0.1025828593731618,-0.11250373890018814,0.1416131764961207,0.5028155795699999
3820000,654,0.11684688150277732,-0.12234551301988617,0.20200963186689438,2.127095561091239
3820000,671,0.11723924666790711,-0.11409380154855442,0.19237776397349177,3.690555634278053
3820000,670,0.14433056430437316,-0.06487164171833948,0.31660956186028566,1.0600069899394902
3820000,648,0.16294786412566978,-0.10149764455722717,0.2611777264689458,4.315971882723729
3820000,651,0.147989829415455,-0.07794193574165224,0.21988753991110405,5.4229450814655955
3820000,672,0.14050530220013924,-0.05361632775550717,0.2537095151765958,4.494219923355326
3820000,673,0.16005206384911957,0.1252553584769197,0.5278870682523067,2.4317561976825277
3820000,666,0.05247100179104932,0.10457934329577882,0.19499783178922078,0.3549604255964213
3820000,664,0.038486972045084666,0.10363471762699422,0.1734906672868868,0.7813547909177057
3820000,677,0.049536666539144784,0.10055450620434779,0.17059584155761828,0.4324825161257211
3820000,665,0.027525349736299897,0.11935313769067658,0.19545349283575938,1.3816891590937195
3820000,678,0.052094355269875894,0.08968073679697285,0.14622676642220933,0.21942839329173708
3820000,679,0.04277822857981596,0.08754893273071389,0.12554344775408594,1.184126522317437
3820000,681,0.045740531756397945,0.08409086949881091,0.12102451777442544,1.3703598778868844
3820000,676,0.0495377099896842,0.08154551891931071,0.11523200379673379,1.9546135502333886
3820000,686,0.05547922418887558,0.07468857035650164,0.10616835128082752,2.478608510389212
3820000,685,0.05966650795359293,0.14266250631439306,0.19268536708524397,1.4869076487233857
3820000,682,0.04706203998980404,0.10353404060986167,0.13773054673742116,0.7607283908659029
3820000,683,0.052990782756997645,0.10063685653418963,0.1333707467891888,1.073333378647196
3820000,660,0.05551118218496622,0.09220372369899231,0.1228139171363238,1.620346569507356
3820000,667,0.05191896790608765,0.09341557693220458,0.1204651945459396,2.1080325787195218
3820000,684,0.05905782280157305,0.13080273630380748,0.16626545705367443,1.4058173137402448
3840000,565,0.10150217680595958,-0.1437600210807242,0.2362817177413892,0.7059821132845415
3840000,669,0.08881764992616963,-0.12329447569881725,0.15337268629444717,1.0538110154028892
3840000,654,0.12240823095856278,-0.14813214181662354,0.22502792215552528,1.750514581688603
3840000,671,0.12309529094972671,-0.10884752356216675,0.1670734583531245,1.324881664781838
3840000,665,0.030461888170051223,0.15006771866117577,0.24097614762882413,2.7496912742955297
3840000,666,0.042439092780872247,0.12601343460358225,0.21047095839494329,1.413751317891909
3840000,685,0.03605071262549259,0.1384776131115994,0.22674176213171493,2.082700868859235
3840000,664,0.047817166047932826,0.1209436833383725,0.19677334296161117,1.52375834755946
3840000,668,0.05078913284860013,0.11809980334849549,0.18920391145657342,1.2751202958935721
3840000,677,0.03468196942905323,0.09885166070282018,0.157969804140722,0.9784918623671581
3840000,684,0.018178584787022924,0.1319299604567992,0.2001373872146889,2.6550378470814544
3840000,682,0.034680462598804314,0.11245196223087944,0.16924193972788631,1.7505718158129562
3840000,678,0.03775825732771655,0.10776474209853919,0.16347957458939422,1.4406720147278025
3840000,683,0.031368145028507856,0.13636095862208605,0.1997208172679601,3.919847504961727
3840000,679,0.048036584940432815,0.09558768151154289,0.14423609608150503,1.0508174140509419
3840000,660,0.05115596180676555,0.09247030373515941,0.1383958792731777,0.8090682194548338
3840000,676,0.055986166065623726,0.08348457176608878,0.1198614874035628,0.40857872610984663
3840000,667,0.03877660027046178,0.10179488778872972,0.13615372256818026,1.1057402373578264
3840000,681,0.0423473247356668,0.09589744312799318,0.13052022372681618,0.7763334758354661
3840000,686,0.05128945445906524,0.1073188552066457,0.14682307179974594,2.614907245134013
3860000,661,0.08062676873644528,-0.1901420636101987,0.2074138962682032,2.6317934980235123
3860000,565,0.081989447158652,-0.18203536367367795,0.2010552126395943,2.7778836956321973
3860000,675,0.09601172041084617,0.0873245586354189,0.34198417016547555,2.021113001375768
3860000,682,0.02744540700836278,0.10554556763826713,0.17256150538111392,0.5269341320120864
3860000,677,0.03855112774185752,0.09041097431619496,0.15293220356243833,0.5281879218451204
3860000,686,0.054816077643534286,0.11162609807123865,0.15347280709635497,0.43361385959972903
3860000,679,0.05875471936496438,0.10649564833856794,0.14486940141431065,0.7652829893025972
3860000,678,0.04920942178651024,0.12429484145972179,0.1657197537011032,1.0116715806098422
3860000,691,0.06693235842035829,0.09380023902138568,0.12700650570280675,0.5502976014409293
3860000,689,0.05674008996367348,0.08637999583352456,0.11121162535607194,0.27921796339479926
3880000,654,0.07272110294638245,-0.14218689272646712,0.23136037563173392,2.5220312467687367
3880000,669,0.06246323763955223,-0.1271352379663741,0.15225750529737184,1.3328073101775968
3880000,671,0.06548501069389166,-0.11996921542190993,0.14490938475037776,3.1360335535700634
3880000,661,0.12208557902855115,-0.23515386326213045,0.2971477769679505,5.4307145948251945
3880000,565,0.10379800372356522,-0.1345359701457551,0.2075334186852472,2.6333309128057905
3900000,654,0.04897829862081542,-0.1651892367266588,0.24694544089754555,1.8273771135735277
3900000,671,0.0533426094079378,-0.11885409825961182,0.1467914532737545,0.6168945963482565
3900000,565,0.07728826354534825,-0.17540295047660598,0.22255955439743294,2.548853252013416
3900000,669,0.07615338456574088,-0.1637165918544167,0.21851646218325244,3.8457330064461788
3900000,651,0.06754599291573953,-0.12491532245712333,0.18669122676351338,4.944619575080335
3920000,661,0.018830754629419966,-0.2640783814474648,0.35217918771989787,6.026326136896903
3920000,565,0.06126649998231969,-0.21431399932508366,0.24189626785751306,2.3155318598517756
3920000,669,0.06520939165613084,-0.18381166052584338,0.22104330700029917,1.1510513785713314
3920000,654,0.06232185560718342,-0.1917421468243163,0.23170485607248711,1.6698674898869472
3920000,651,0.06038242071952945,-0.16417924590819463,0.2144446906291051,2.430651768518377
3920000,672,0.10285210414000538,-0.09946988229880142,0.2228969372556336,3.342800751819459
3920000,675,0.06931099677691731,0.035268654504423215,0.42975179306940814,5.2739694319548756
3940000,671,-0.0015715754391604716,-0.11214953055864459,0.1509129967222677,2.773763709238817
3940000,651,0.03720588697055464,-0.13530385436901707,0.2046764163185964,1.9146534517788854
3960000,565,0.025767092741053096,-0.2120740367385251,0.2507542152490593,1.832817897979689
3960000,671,0.02484834566932799,-0.11192414448559812,0.1446647065178134,1.3574831129149976
3960000,651,0.032617382714535924,-0.10325328680842508,0.13345117717190863,3.911945789427058
3980000,565,-0.03221913923463711,-0.15619964704464545,0.2066778611669134,4.589955204459184
3980000,654,0.023295158161249687,-0.225641940778149,0.28494205969656355,3.710282668935124
3980000,671,0.01602304269806691,-0.10767971779411385,0.14329005569524195,0.49444614306800416
3980000,651,0.027875422530570765,-0.05839190101596458,0.10760605141544395,2.599519497413782
3980000,672,0.08848932163501069,-0.1227669054178289,0.31179857576313813,4.6509520898449646
3980000,675,0.07354022654359246,0.09650862392667224,0.3196099121546654,6.304651887831457
4000000,565,0.01421458345644239,-0.1560002184089014,0.19340989983863532,2.414626872076464
4000000,671,0.007420889761361876,-0.10643177152297854,0.1422575510430945,0.43766559979854963
4000000,669,0.005526174712578055,-0.12298262879493926,0.19544645255057957,4.449004507687832
4000000,675,0.0901086452076277,0.10941633077425385,0.3893798626613468,3.643133056448332
4020000,669,-0.06198070537458388,-0.1506196879987112,0.21236054658567868,3.7440193901619385
4020000,671,-0.00921460459867382,-0.10938928298687443,0.1524565753798509,0.9867961340667135
4020000,672,0.025424351444751636,-0.042142958663462765,0.2501622394942954,5.974204801476718
4020000,651,0.03875410929329556,-0.03554942032925234,0.21669964297596475,5.599450077725946
4020000,675,0.018784207150353196,0.052804881454993305,0.3095548247503174,6.054764309143351
4020000,696,0.033018271452165335,0.23579762099600268,0.7118100443714582,4.755300555947187
4040000,669,-0.06915433064332524,-0.17559163239117545,0.20320295643879133,1.3774254639861823
4040000,565,-0.035918589010750325,-0.13291415831944906,0.2196374939519936,3.0554000740713816
4040000,672,0.017563958658661998,-0.03817634032550523,0.24976717239154955,0.44066970002004624
4040000,671,0.021319835854430327,-0.1143280775227595,0.21485568177745387,3.48223786682904
4040000,651,-0.088258636980434,-0.08068990343819947,0.21059932238442822,6.74668712084373
4040000,696,-0.008801149952445709,0.18696000041195773,0.6699965591704388,3.8348222695398295
4040000,675,0.048230026011600216,0.10607289185532671,0.4164357821351612,6.149812239394018
4060000,669,-0.04545197816862664,-0.17312984913885776,0.23559026900623903,2.010472522168482
4060000,671,0.006128055396929581,-0.07062067178744172,0.12700395620254093,4.964638253707515
4060000,651,-0.10345279554664286,-0.07809456340994082,0.22080536872018894,0.9243397998099433
4060000,696,0.07062597058850187,0.16173906979542607,0.6846858035285405,4.230997730560175
4060000,700,-0.0088357921509812,0.14151871635248933,0.5139236099011549,4.942644604089332
4060000,701,0.07896266657433205,0.08186837162176079,0.2689800759584724,0.22992730883443058
4060000,699,0.06791054357980986,0.10762113642070163,0.3334473843469177,0.7159281303091777
4060000,675,0.06344235548600911,0.11687069597273415,0.359510436660342,2.995205543540956
4080000,565,-0.05843418276575222,-0.12211564637128068,0.21751012709653836,1.2530817133897383
4080000,672,0.004237477222598724,-0.036777042702680125,0.2947090840912479,2.344849978424242
4080000,671,-0.027304285859056247,-0.08201789294141253,0.1584044027218639,2.363052122521885
4080000,696,0.005276544382994111,0.20641286929919242,0.6133724814367998,5.327261438875552
4080000,699,0.0638750992449944,0.10213760534186306,0.31334817594229153,1.0610514862208347
4100000,702,-0.15721118455919705,-0.23148917284406353,0.29449672234566393,6.552129195176431
4100000,565,-0.07182017775090908,-0.12135610754154845,0.22566549878914446,0.7846525479807555
4100000,671,-0.0015546880495815032,-0.015623274956879171,0.16083334432877314,3.562719060630378
4100000,703,-0.013193343679424954,0.2446458929465046,0.7468159576515554,1.3259362658024327
4120000,672,-0.01029154164340567,-0.02604993814250101,0.24948045415988082,2.435052425987109
4120000,671,0.003492547355812019,-0.02897133484182723,0.22867002382873383,3.4660713976741753
4120000,701,-0.014527496497219627,0.03582762510332883,0.27667667479183405,5.224796303379093
4120000,675,0.060145571215136244,0.12760292398392273,0.3839767924251074,1.34596811721237
4140000,672,-0.015787021890037025,-0.022509669344449007,0.2410935907784726,0.5316796114249218
4140000,671,0.0025168009196726857,-0.04408721281979627,0.11948332712537116,5.511618769731946
4140000,700,0.09631947031623461,0.09285920938041503,0.5765175121897782,6.58471211349291
4160000,565,-0.08967249800115788,-0.1164605840218575,0.21249400956740497,1.135957324426946
4160000,675,0.05520583352242218,0.12419761123104937,0.35364235281837375,1.546104289555101
4180000,672,-0.02941819796209301,-0.023780573441800356,0.23949075834846595,0.6891901590467195
4180000,701,0.006184630951252201,0.0360093356348333,0.32872180043455845,2.8007679060063015
4180000,699,0.001010701804438444,0.0699629144110095,0.283234503902973,3.8386118733702954
4180000,675,0.04809842284343219,0.07234868999698411,0.2697065704068461,4.945715693590626
4200000,675,0.029351236662687557,0.06247988205481976,0.2601476229766675,1.1621357879651442
4200000,707,0.035925997796125195,0.09116393359701104,0.3169248862128685,0.6082433892384309
4200000,706,0.04994850177594122,0.07628423434672128,0.26707540097659344,1.5020267179638185
4200000,711,0.06428997172728693,0.16951909129165021,0.4529054988359755,1.697549240458901
4200000,708,0.07680366271525416,0.13778293003110503,0.3596682543515912,1.7279635000880076
4200000,710,0.08092606773222624,0.1245644910286052,0.3289529614135868,1.2734090416203712
4220000,671,-0.03919792045670647,-0.04393497464441382,0.17058747689220496,3.298399338831628
4220000,699,0.0034871266801364546,0.05993622117308156,0.26151781064302904,1.202374758133858
4220000,707,0.022680295434417266,0.08164657902075757,0.31298766753960183,0.8389433235716935
4220000,700,-0.009551970732713822,0.15578218811666528,0.5842840563545637,6.1701666288454335
4220000,705,0.0461509230419621,0.09504145637504462,0.3425340057230107,1.1257937327611294
4220000,710,0.056515809218933746,0.09867493919511822,0.3275619791184827,1.7804946269013782
4220000,709,0.046890381575409604,0.1277263856010967,0.4032188182787326,0.4388022386253868
4220000,711,0.06267478861309526,0.1462133295876056,0.4233542315045829,1.8835105162896701
4220000,708,0.0722696410335023,0.12509886315120433,0.3582589728967922,0.6771797756933352
4220000,706,0.07656088217996604,0.11358826902249453,0.3291455024714077,3.857624688016048
4240000,707,-0.004175673936531894,0.08662351391260649,0.3473463985838365,2.194615781145481
4240000,701,0.011100958979572884,0.07576363006175875,0.3062925051535209,2.2954561058037575
4240000,675,0.031114474994856502,0.06664930942121479,0.25250887638077,0.4439695471989293
4240000,705,0.025692056580740374,0.11120331466015204,0.3651176652899161,1.7246684895508748
4240000,700,0.08200273147423083,0.19741977299082375,0.6251703381768231,5.428544927419383
4240000,711,0.09223631046026844,0.15808670356694496,0.4766389183314796,3.104077332241663
4260000,672,-0.05702625253275201,-0.057820014258774234,0.21580015686356033,2.491050384388765
4260000,712,-0.20978455519006695,-0.08303384292411105,0.41887336496565497,7.117091680371594
4260000,699,-0.03444830824766074,0.04056651337613627,0.280786394054416,2.3374992566746178
4260000,671,0.05403659689091584,0.016823562469691918,0.12503983987328918,6.012250472014858
4260000,701,-0.011750255408730094,0.05062927745850087,0.2805921031657468,2.1298030085774746
4260000,707,-0.0046238244387220295,0.06359110141452003,0.3251954542726166,1.597933977229181
4260000,709,-0.01143757338748542,0.10058362272168239,0.4267539068349747,3.4251935347625895
4260000,700,0.04070835782784669,0.15389256629928977,0.5709397567222112,4.043760311306793
4260000,708,0.07358930294183363,0.1341250340363144,0.4175330521662495,2.998595396865595
4260000,711,0.07146735859763653,0.17668292701502694,0.4481039314603034,1.994626759409835
4280000,672,-0.06520617001147634,-0.06655074575810355,0.20939134713341362,0.6786191211374464
4280000,565,-0.13156817572393947,-0.09453511647641433,0.282417810137434,4.220578107645519
4280000,699,-0.05726309838355334,-0.05491587812726383,0.22126087339367526,5.740359166917535
4280000,701,-0.049162905957959656,-0.04273724366695534,0.23123088022854257,5.602129956107187
4280000,671,-0.027687052425478965,-0.02582927573931763,0.16893764600498767,5.105153486441227
4280000,707,-0.01320776594249793,0.05759141868369096,0.28669638498352074,1.9949051235193231
4280000,708,0.0894514296363877,0.13933238750899513,0.42060629787259124,0.8487762258614943
4280000,711,0.08536831553805382,0.15642882827842775,0.46881416920313645,1.606532809232285
4300000,717,-0.787854607615075,-0.3306192434054631,0.9590182367410219,2.4687389506249615
4300000,565,-0.15568218910792822,-0.10315357121380064,0.2949317315838383,1.4250979207675012
4300000,713,-0.5582241387909499,-0.15506521452645608,0.6689681216313447,4.891229813033142
4300000,712,-0.19796339930097703,-0.07306506363373409,0.31626373114600065,5.18841335084676
4300000,718,-0.11429658642634438,-0.05509936949322502,0.35374908093440965,6.740305466656131
4320000,672,-0.07341522393121411,-0.05721610019464771,0.19726534356344025,0.8682801054837008
4320000,699,-0.06974911692341684,-0.04832375484895234,0.21320574211314208,0.8127759350535906
4320000,701,-0.05500054178076638,-0.03533595615536006,0.20497694020447893,1.3947458689812844
4320000,708,0.12276534262197182,0.13326612859818482,0.39353470640514027,2.1676527398113263
4360000,671,-0.013330308505884106,0.007973330332875192,0.16924611742249973,1.8363192994820459
4360000,707,0.01626540973503261,0.054001155426689595,0.3205635588424829,2.2519677728412995
4380000,672,-0.06566116198859044,-0.061496628056177526,0.20779906696887906,0.6881273940297451
4380000,725,-1.1029226219090533,-0.40851911160085774,1.3378462626105903,1.6478153700202502
4380000,722,-0.8385169012322332,-0.31846896720637585,1.0497887598940479,3.3849388225887886
4380000,707,0.018882514649437642,0.05279069785296413,0.3267926167930128,0.34320405235753065
4380000,671,0.030686535577669604,0.03742487296826335,0.13314988649639237,3.204611448269054
4380000,700,-0.006857863280686379,0.2013659418661899,0.5055414452037214,4.688604783869944
4400000,712,-0.2249486935996578,-0.14360992956578736,0.3498730092989747,4.133511762328057
4400000,721,-0.9518283167292669,-0.3851991455412618,1.2007370286409584,6.109936741404835
4400000,708,0.07477109482553948,0.08615566965975219,0.40026890800591935,3.3794203031492818
4400000,671,0.02879973749656868,0.03348696546746886,0.13541542282123634,0.24596634588316713
4400000,707,0.08040924215335936,0.10579361667188285,0.36775602262823276,4.5477599481194195
4400000,711,0.029421165897294967,0.17737200370979395,0.42591075169966486,3.6774323187353284
4400000,700,0.03921100858606003,0.1656162053037321,0.3823206876699634,6.816109540374368
4420000,672,-0.05500796405238039,-0.06978599879950105,0.2079718631519007,0.674970651416054
4420000,708,0.1683661235056157,0.06406635361433091,0.472571544285385,6.0157373799766845
4420000,700,0.002345447210548787,0.14377249157151023,0.36722613636838625,2.2715979640678006
4420000,707,0.03793848868409602,0.15461156144383179,0.36452296309347676,3.2393708131206886
4440000,671,0.026131750230486736,0.028132778906169574,0.13801700833198183,0.32616605032902407
4460000,672,-0.0415363752729087,-0.08109224453807261,0.20994139043870041,0.8848643041133534
4460000,671,0.06948222503404335,0.024569558885342593,0.18441891469252927,3.1800538975399584
4460000,708,0.11989235910925478,0.12363639992124492,0.48403157868652114,3.88253417249514
4460000,700,-0.0009525777789234561,0.10198004583708228,0.2825766250186792,4.723088306669818
4460000,707,0.00415323934104688,0.10229602954159486,0.27112854808228504,5.612680889438817
4460000,711,0.031264647191005836,0.1632928939901581,0.40173477924286055,1.4018714259963065
4480000,672,-0.035749924709510515,-0.09173525899663301,0.2149518027306629,0.655478829221863
4480000,700,0.030795542410975547,0.11667863282818333,0.2931079225538192,1.8268140456138955
4500000,672,-0.026382237050109895,-0.09286012208290405,0.21625383037281654,0.476219920383099
4500000,671,-0.014767778327846775,-0.013086304997009614,0.203419035041395,4.710900053194749
4500000,707,0.07714507862336885,0.018202493604195555,0.17853804752912614,7.240948173574285
4500000,711,0.08054480253319284,0.0727071838358949,0.3998150753165143,5.157031572975652
4500000,700,0.0909414158232838,0.0828363585527207,0.37748424831080013,5.450272920898827
4520000,672,-0.11391005524546469,-0.07412759110351243,0.23162603897044393,4.5410162607344615
4520000,671,-0.08399953098700866,-0.06428008159881744,0.20263666894005053,4.305360157911213
4520000,707,0.07622920619682458,0.018357825993766834,0.17927911618282835,0.05941660547469089
4520000,729,0.034653680180971154,0.13949559979702253,0.37116557387566546,1.037539576715594
4540000,671,-0.073799351617097,-0.0700617280520063,0.197582200939628,0.6383939646788221
4540000,730,-0.06477293729666209,-0.00015151730456828486,0.20233125823485154,3.006175882506721
4540000,672,-0.0521565803440081,0.009210375410280178,0.20905787747959922,5.30754892538347
4540000,708,0.1952129533805974,0.041516478253194426,0.4613051562509523,5.686247385770971
4540000,700,0.09114302194727378,0.07396863816327126,0.3381147316928295,2.0178180967739334
4540000,711,0.12008425429238163,0.11300010320449966,0.46477795450502124,4.303214864819863
4540000,729,0.12482736326042448,0.1005822155520918,0.3920953093099555,5.020856106994277
4560000,671,-0.04791242332980359,-0.13615357185436347,0.19450752744388639,3.5523648779552706
4560000,730,0.0017189053354746315,-0.11480782801839894,0.22884889308706954,6.758405818179106
4560000,734,-0.05939348458457754,-0.06001180735201701,0.3284739755642398,6.895344633276085
4560000,672,-0.050057437681260614,-0.011488654702443847,0.19962755741484586,1.1421330746127094
4560000,728,-0.007502834945639107,0.011609485683945658,0.1666731233775405,3.3830713428241994
4560000,735,0.017593964550838493,0.18026127077624357,1.0022811290824882,2.0364137767371187
4560000,729,0.10898028996516466,0.08356198645178028,0.41390331766134886,1.5940570558380822
4560000,700,0.0969547365917303,0.07928165714464111,0.3467498306150641,0.5843139806682779
4560000,737,0.032324438551314935,0.12979220004799213,0.3631911758019742,0.418336064214959
4560000,738,0.03984897228980543,0.12284654120760713,0.333727035831233,3.7429873374881684
4580000,671,-0.03583508333565693,-0.14493543905675077,0.1956065228011671,0.7486506590024229
4580000,730,-0.014804802528510123,-0.1279702181733649,0.17004171611975866,3.1243261269554097
4580000,672,-0.011313678172216525,-0.12305191236442198,0.16579783939324952,6.14245251965131
4580000,728,0.01975257021097404,-0.11136829952066543,0.21815072043468958,6.803737164761143
4580000,707,-0.008131193763503944,-0.08082224498627096,0.13111534292109134,6.941381817743486
4580000,734,-0.0004097076122125428,-0.1330753565434173,0.25991176525371734,5.81337785823229
4580000,700,0.10088831869338587,0.0744663479004194,0.3729300443507564,1.3454217391904328
4600000,671,-0.10177510714397156,-0.16018063017003636,0.22612847197253727,3.712173208897116
4600000,728,0.029291651688619226,-0.11756620670280432,0.22619461446334607,0.696621059148763
4600000,734,-0.12016797899734614,-0.14813859657077164,0.2746096055295823,6.079673361713571
4600000,733,-0.1724887179206007,-0.13060181579592722,0.6096397514601758,4.477638726904914
4600000,707,0.024164463090672474,-0.04423242372553957,0.2067438461290669,4.500415250011312
4600000,743,-0.06501645163883109,-0.05229421652459205,0.27378472609688603,2.2751005841335563
4600000,672,-0.04880672922205824,-0.03604334642110272,0.24194305491190818,6.077481647632091
4600000,744,0.01618027065735477,-0.02234340511539394,0.15151914104825562,2.6741577389593796
4600000,745,-0.002079372749413221,0.00241519842147379,0.1649019578164462,3.3295051033978535
4600000,700,0.10402755127204348,0.07686094643448252,0.3569885028496324,0.8211601986736521
4600000,737,0.028286394433139617,0.13081745543227885,0.39125634048191094,1.4186352750225377
4620000,671,-0.08569591098174724,-0.17064058440344654,0.21650578102137702,1.0730183746444724
4620000,728,0.05436777902353791,-0.14278184010306333,0.2753656214741224,3.0341507297541805
4620000,733,-0.09144844706813123,-0.10566471667337593,0.4952343659912847,7.12003803304012
4620000,700,0.15625455015317352,0.026677820763433665,0.37801421795841184,3.7709701039922727
4620000,707,0.10241229133320884,0.03740751504214518,0.24874149422931507,6.031501610838106
4620000,748,0.08443377382208198,0.23596704045889094,0.5526496419595369,0.6853010056059449
4620000,738,0.0599540608280718,0.14344264799275525,0.3454320274876178,1.5535612552397093
4640000,730,-0.02385852840933592,-0.0884864818561864,0.19236306220351598,2.3125623650403915
4640000,671,0.00228436848300051,-0.17403504245783474,0.21001193878226435,4.414244529702846
4640000,672,-0.040213642609840075,-0.0700747531312656,0.17456894106561846,3.7984368484846533
4640000,734,-0.09128351283250667,-0.11908097966880463,0.30976077249765555,2.699195261956144
4640000,744,0.024877470948674978,-0.02352205880395975,0.12873409936313504,1.2208487232429663
4640000,708,0.1795249334561885,0.062198077655359556,0.4549479308654694,1.3362791976062824
4640000,729,0.12181571895808321,0.08409021794563931,0.38141872810047295,1.746622329584967
4640000,737,0.02831923751559519,0.1126901450106333,0.3743804474241487,1.238341863428463
4640000,738,0.04655393496122112,0.09135640989935524,0.30382500748642427,3.399883705860214
4660000,672,-0.009394499877083297,-0.06511206019158859,0.1508409817054261,1.9605253985822881
4660000,747,-0.06583350949108407,-0.2562395340833249,0.28588038073980826,6.313029077079126
4660000,671,0.008729618791904332,-0.1560074401559816,0.17422466312808135,2.0293255006569817
4660000,730,0.0262517316784199,-0.1337122011794541,0.1479859023160039,4.0391014390738365
4660000,728,0.014615488202425893,-0.18332214358138268,0.22076919495142872,3.9384421478194875
4660000,744,-0.03423942441056264,-0.10505520078856251,0.15732661876631276,5.234499193957704
4660000,745,0.03647255791054591,-0.06592719704487816,0.12082698965775827,4.499871440907755
4660000,743,-0.039740663218648775,-0.09679206637410254,0.16285098858327757,6.108440521162006
4660000,734,-0.060142665190335905,-0.13516377655186537,0.25257955739485255,3.3533938435888007
4660000,733,-0.046214381285791556,-0.11335109939444381,0.5026586768984658,2.3239629832369593
4660000,738,0.029262723758178656,0.062138295967633574,0.2718410933268091,2.3321958170171517
4660000,707,0.02953039220245666,0.03228272737664219,0.17537126565267255,5.177167447289685
4660000,737,0.06286990801548413,0.1632535516566759,0.3959198608909956,3.245902515534295
4680000,671,-0.021940741207324893,-0.14864190992383067,0.16142095980075408,1.702099319206477
4680000,744,-0.015698697964210927,-0.14118271726089743,0.15456734045310697,2.0350488940238045
4680000,672,0.0006924656658789655,-0.06570253270373662,0.15496895758241677,0.5457465448665877
4680000,743,-0.03141854757846152,-0.15545036260542652,0.17182737234685969,2.9960927851793526
4680000,745,0.01926140926269632,-0.10453562597167844,0.11618194997211795,2.126270688115307
4680000,730,-0.01829547125934423,-0.141674959997269,0.1606113252200043,2.349074350182369
4680000,728,0.039198172550444346,-0.17394532676949132,0.20433264541395826,1.5511231607901097
4680000,754,-0.029325303774573132,-0.1200721839725473,0.16827165617075393,1.6958338299999902
4680000,753,0.0787666307154063,-0.12115509530815737,0.21917190217392754,6.553395709832159
4680000,734,-0.02983386785775042,-0.1038376561358835,0.17460711072991644,4.466444742460339
4680000,707,-0.038947344843297656,-0.0952938802887097,0.20952465263304507,7.438320565917027
4680000,733,-0.03253365861851687,-0.1447340015248006,0.49165945835836383,1.7979373788562256
4680000,738,0.03329885075395044,-0.0035414616101704975,0.17907882382593487,5.6865981745587435
4680000,729,0.04958569077567572,0.08443583004689983,0.2980393899201455,5.515752544835864
4680000,737,0.06476935359519058,0.15587933216827773,0.38554264433880403,0.6435713440334664
4700000,728,0.04912505639798325,-0.18602479040074646,0.22050309055358555,1.1246552366781568
4700000,753,0.05314569988887927,-0.17400064543760096,0.20883023220347174,2.9816247260005095
4700000,743,0.0660673090291708,-0.20175465488136288,0.2505630792183003,6.679612873933004
4700000,745,0.02571226553148147,-0.08458142106651272,0.11351714076952667,1.0569827908770317
4700000,759,-0.01828192368411877,-0.09259459884852099,0.20039202396396702,0.9266229354261981
4700000,707,-0.015998574284746183,-0.08382373713240243,0.20738171442897774,1.2872474881716345
4700000,756,-0.018437762336639477,-0.08221127753356587,0.21610766653669072,2.309447651180391
4700000,708,0.20122966046911453,0.022824863558858596,0.4960752132382203,3.04663688284415
4700000,700,0.17022469129771295,0.050153292462169194,0.43480774749633166,3.1510980675198996
4700000,750,0.12791550882269712,0.15012504332585533,0.7438525018146022,5.210174993226696
4700000,729,0.12622337988003277,0.06490343731773719,0.300577486470709,3.9564162101206932
4700000,737,0.047454619583337986,0.07422142167532315,0.303291519351417,5.859407376532917
4700000,738,0.07263079019218713,0.053231312674172755,0.20492014999040778,3.6871138773615253
4700000,748,0.10684593719144503,0.27524773676120934,0.675615945210221,6.5509522025483395
4720000,733,0.057942987108073364,-0.23159593801581113,0.5719864340382838,7.447053520484747
4720000,744,0.01809927991377461,-0.1387289707979526,0.1522548881163465,1.6982870900962264
4720000,745,0.04141621201732829,-0.1082050603793618,0.11906899765739097,1.4452624195256512
4720000,758,0.03629008853249958,-0.11397097317370512,0.1263647676022148,2.99441700819351
4720000,753,0.06540515074307517,-0.17954885040200427,0.20487113911071603,0.7013400239730011
4720000,672,0.03652564480321032,-0.0963129898530843,0.11733420934945452,3.0155393748625574
4720000,730,-0.005682873686135881,-0.1421783718169622,0.1732628899908915,0.8935786649140949
4720000,760,0.0350281821807321,-0.08917750297021511,0.1152048400624729,3.073058445639778
4720000,671,-0.02313996086897837,-0.14257594928092562,0.1896236725327838,1.4436299835514996
4720000,734,0.036715143794159,-0.08527544637507957,0.11304658457912055,4.626830708760827
4720000,754,0.03472026366918941,-0.08529891307379313,0.11685894048318467,4.4593391922353565
4720000,759,0.03656823487716818,-0.08353094209428112,0.11446892048389676,5.1169985048864
4720000,707,0.03744281592350892,-0.0804236146710939,0.11333780643692046,5.4110534211374715
4720000,756,0.059465656957468284,-0.07132445857901741,0.1275836416039641,5.921141898939909
4720000,728,0.0017615800251870018,-0.09328997145561943,0.18071811851500014,5.5735737052211265
4720000,700,0.17622571456858765,0.0556084189483395,0.434191948708358,0.4066629237617021
4720000,729,0.13082204884310394,0.06740650006805585,0.3013480898318561,0.264607770597153
4740000,747,0.03719661056274685,-0.3177217457822156,0.3441589309067833,6.669268588694463
4740000,753,0.07677910019104203,-0.17368853688519031,0.18914341733270634,1.0137445843095023
4740000,734,0.0391139714449527,-0.08770543020052002,0.10661243535485378,0.36420279972237757
4740000,707,0.04114508106211031,-0.08628038039103149,0.10409339748334936,0.5776408242922341
4740000,743,0.08416903115671925,-0.16783511149071675,0.21403290652670046,2.6517264586920577
4740000,759,0.04161436745542336,-0.08448748768136372,0.11584649006476641,0.26587652871038087
4740000,744,0.07736537560443561,-0.13824902079244547,0.20410000425068453,3.9371996766119737
4740000,756,0.11864858838855677,-0.12677173230499572,0.22911924395876404,6.497402958485132
4740000,730,-0.00044087876323136777,-0.12051842669017085,0.1847813439213527,1.2542991216367865
4740000,754,0.03984251776719976,-0.06391528494812439,0.1544914614050475,2.179279508114963
4740000,737,0.0602010788834141,0.04925898928744949,0.28961989530095195,1.5592534748918436
4740000,750,0.12209748501042787,0.1321605198732096,0.6835661850918984,3.158723432001821
4740000,729,0.059224529179220206,0.07615193553515473,0.3393180926092447,4.075662085613915
4740000,738,0.06945384127333105,0.08313724614265207,0.3071136796900192,5.326343814831964
4740000,761,0.048673057610240086,0.12249685351099254,0.42185330754505856,2.791572602604521
4760000,745,0.057311625195075405,-0.11244696090798957,0.12524823530565718,0.8786934307536098
4760000,730,0.026922937560565515,-0.1585274658511995,0.18141537191830293,2.3477623757912647
4760000,672,0.060381916251209616,-0.10574228659542706,0.11957344410491316,1.2874854336514223
4760000,671,0.021298802016751325,-0.1709153009021804,0.191810410796478,2.63756721305881
4760000,758,0.055413707003037875,-0.11357882296935809,0.12875614034104077,0.9638273039884829
4760000,743,0.09540928579078743,-0.18906803098677621,0.2223861676835756,1.2717676345541589
4760000,753,0.09695793953243109,-0.17735423666672667,0.21077721574096844,1.4905067474044442
4760000,707,0.04743248077971295,-0.0883185994234409,0.10990076673882998,0.4399183722649216
4760000,734,0.04935255293839003,-0.08615442568609523,0.1071829936113292,0.5185549699056886
4760000,759,0.04501632073831964,-0.07504677674311896,0.10379761515224742,0.7840211983996868
4760000,744,0.0266116127585917,-0.2010428495754867,0.290131295471869,5.89923563807853
4760000,728,0.016189871471950674,-0.10059270761085652,0.15290911361657392,1.608451353683454
4760000,760,0.05311693005431446,-0.08547934840442631,0.12637208622183355,1.0788727144689612
4760000,754,0.06390685533446866,-0.061828256327507554,0.1126347624789905,2.4163150022303195
4760000,756,-0.01793305487435388,-0.14458787165446899,0.2633320056080175,7.096209050856919
4760000,737,0.031722371543108474,-0.05113656173763276,0.21418600451681424,6.438279140468725
4760000,750,0.13322646150471332,0.12832559553079378,0.6919823769436029,0.7235209876138848
4760000,761,0.05483246605766842,0.14649432096290832,0.4762831544772722,2.990160946166701
4780000,671,0.03592095547049994,-0.1667349188098622,0.1976456159341606,0.8144516330967494
4780000,745,0.06617008352163943,-0.10989612876472896,0.13058705244654972,0.5326396460329701
4780000,730,0.04195828681564543,-0.15634036984036628,0.18426160147200057,0.7728941370834311
4780000,672,0.06845554238108885,-0.10647714097269136,0.12552047374168226,0.502719134660357
4780000,753,0.03893894249900352,-0.15862383268117566,0.19095511317277372,3.205443729209286
4780000,743,0.11046189226539459,-0.17529809857295953,0.223253243167815,1.0209601121687293
4780000,767,0.08684309289991231,-0.4596177269924287,0.5840677815803808,4.089624766188706
4780000,758,0.07745036282759118,-0.1146387432220363,0.16497474013572902,2.1204507787022835
4780000,744,0.04647697863821489,-0.18879239088101724,0.27226629529348206,1.46957879265622
4780000,754,0.05888874842469615,0.01822987417114217,0.1366779331738711,4.187051382822971
4780000,738,0.05230896567765556,0.06315945610005598,0.27360150836749886,2.1308006012571856
4780000,729,0.059021485073210006,0.05694355760312334,0.24836266117912806,4.648089262354852
4780000,761,0.057926197914618095,0.15827880641268832,0.5135844708665241,1.9620356001420165
4780000,766,0.06399876158742374,0.1552227275432245,0.4021775841528559,0.5326357050302906
4800000,671,0.055331702523585546,-0.17484488839632858,0.18970994799392585,1.1241925252263858
4800000,737,0.0662159217750082,-0.09485390813393138,0.21999202674227958,2.7994290835888087
4800000,743,0.1242678834756974,-0.17736448775798716,0.2025530344735515,1.2483729386175229
4800000,672,0.07371918789175805,-0.10329772438214205,0.1298860947506017,0.37707194509724185
4800000,758,0.11685458778914862,-0.16473335310075213,0.21480547829832175,4.0451407112579645
4800000,744,0.12686575831978167,-0.16809726947790504,0.225963580869441,4.75252178101672
4800000,745,0.07289795201589662,-0.08986611958385846,0.13323970282109818,1.0647793624401336
4800000,756,0.05627918554456943,-0.11048172231828714,0.25713101351608664,4.095466503788733
4800000,750,0.20114486872867893,0.07229543904880392,0.7531324189339427,5.359947786745924
4800000,738,0.0754549524577941,0.05172730729556976,0.3322702402960289,3.2048599175377332
4800000,761,0.14499848975787566,0.11663341867085941,0.6215559678951369,7.241161249689933
4800000,729,0.07377992238802228,0.08263642327637237,0.29301717076288775,2.679533562322437
4800000,748,0.10640452500676484,0.2183403003931564,0.5379764887253867,7.4470247649885914
4820000,747,0.1587207498297121,-0.3138258614998731,0.3709116423959725,6.224749374661997
4820000,744,0.15367562152831044,-0.18508992578219183,0.2373111455968606,1.6854423445928217
4820000,767,0.15425236901930311,-0.3645497651940044,0.5010235006128644,7.155117131965545
4820000,745,0.088420402497205,-0.06595731927517165,0.12222939139808384,1.5279104675807194
4820000,766,0.06059976152965593,0.06865058249369636,0.42858182895750274,4.528651466930571
4820000,738,0.07712712343786952,0.05057474335950211,0.31872229161081767,0.6849661907540537
4820000,729,0.06573931256804454,0.06961242285548336,0.3944185606523268,5.127503745671589
4820000,700,0.06929615447913622,0.06398827155458958,0.3707757670269486,6.2301213570996365
4820000,754,0.0561242305106528,0.05318402469131365,0.2241113662885464,4.710106268467375
4840000,671,0.07794237879480725,-0.1679313105246914,0.18286307319085457,1.2307720493638457
4840000,730,0.08002697751612027,-0.16081203113468223,0.1747755577274292,1.9743391250640205
4840000,744,0.17041038984994625,-0.19353790286103537,0.23004156771131906,1.0053202849558018
4840000,743,0.17160568312640934,-0.19674919034231617,0.2174321728187101,2.6636547861670268
4840000,758,0.18082588128265664,-0.23259978756424146,0.2605179303842762,5.19321855734243
4840000,672,0.11226715038555178,-0.12241681732007029,0.16192484909644436,2.6823342946141695
4840000,747,0.16725961877595108,-0.2207601975609375,0.2933541235685149,6.0723345621654
4840000,773,0.0958709964653493,-0.29101800209868095,0.42525558431114924,5.59383248247821
4840000,745,0.09107838919618583,-0.06019904329008216,0.11735984819572402,0.39979709419925136
4840000,737,0.06392523839512636,-0.09750461045318999,0.2064488252063797,0.6994493565909379
4840000,756,0.0687545301934687,-0.037885694311195,0.24501634911569586,3.7324866376349637
4840000,754,0.08267769220009731,0.06567538227007345,0.20868082562060958,1.6577257969565482
4840000,729,0.06453452184039839,0.1466854678781803,0.39346223051910334,3.8544196570598666
4860000,747,0.1291052539710519,-0.2642040511385111,0.2890364284342786,2.899037106785281
4860000,782,0.31896078475099116,-0.3223173354693981,0.6815790658235797,2.5442320827874325
4860000,672,0.13462681671983104,-0.1487876072654036,0.16044068848746493,1.7303005328803722
4860000,730,0.1271077393240573,-0.13171732029311534,0.145746643813781,3.124811264051035
4860000,671,0.08703159503448048,-0.1673897594122668,0.1898080416631371,0.5725812530547657
4860000,753,0.0831913748589637,-0.18425862581614957,0.2089673674165792,2.711024571905078
4860000,745,0.10071301328662337,-0.10696199993321753,0.1215497811776901,2.396432574560134
4860000,744,0.17350026621384113,-0.16552511588950494,0.2220563010440115,1.4646057947486366
4860000,784,0.316026155291703,-0.6427870951684976,0.8756285271755275,3.726663450472612
4860000,760,0.09617568921018993,-0.09181822891044243,0.1273386364812732,2.176678872455273
4860000,783,0.2878110870064072,-0.5464799812006511,0.7462444194251143,4.34434209964512
4860000,737,0.0799346197090327,-0.1402787508922582,0.19889899008500317,2.3145881872998237
4860000,743,0.07446273096253407,-0.16624846254143671,0.2564976426740398,5.452787930617229
4860000,758,0.12845581596163455,-0.228447365670742,0.3467849071288116,5.050212279189844
4860000,728,0.06395462068035715,-0.10283546926509929,0.16355202059804572,2.44937375455236
4860000,756,0.19066342933750008,-0.11226543366378443,0.23056492080108282,7.176867195545901
4860000,707,0.07762571319830346,-0.11520055559020671,0.20254855287439386,5.05417726416875
4860000,734,0.09243377685607465,-0.0717725419743042,0.15570608837972857,3.323146535758026
4860000,759,0.1301530757878705,-0.08817172285740442,0.22314030345101768,7.35921336170646
4860000,779,0.07405671280420845,0.05856715871652373,0.26374132151438334,1.7043580479975686
4860000,777,0.08777276960549835,0.0872583734883638,0.3270846495533221,1.3584711040896085
4860000,729,0.06570387398210664,0.14403405005979014,0.39381692674946295,0.14597268832581134
4860000,754,0.0830714395714626,0.09926169229532875,0.2594336084018136,3.0430413315222578
4880000,759,0.11383429696121007,-0.09849964202083593,0.22164604586281675,0.968505630313697
4880000,745,0.10564489509645349,-0.10072170634963641,0.11367727765050674,0.5595557031720151
4880000,760,0.11370581364037222,-0.11143603036314675,0.12974242902515418,1.320929232556971
4880000,753,0.10654870519043387,-0.17900458327655808,0.21141063022701995,1.203265739957446
4880000,672,0.10960538376227648,-0.14960568643603211,0.17653153871111266,1.4879993461849017
4880000,730,0.11415676321082027,-0.10549725945608487,0.12459674197725654,1.8045343722674247
4880000,744,0.21608945618316672,-0.20028321670976912,0.2449453883777442,2.9773625047372865
4880000,783,0.3893491148313421,-0.5781254742663576,0.7112406435440166,5.598364192307217
4880000,758,0.1430286245437677,-0.18210482042577286,0.3002452815563561,3.3637534831560783
4880000,707,0.11249734126592754,-0.11519164323692999,0.24800607318900136,2.864618943537562
4880000,737,0.09320744616435275,-0.0945810856944844,0.21489066205017526,2.5100687734017075
4880000,734,0.0918362523451206,-0.07119509966860187,0.2401100135916171,4.220400770759714
4880000,778,0.08994373692857226,0.028063582567296064,0.2840159081431805,1.6913871901537745
4880000,738,0.098412961114375,0.04321162603870977,0.3110661744616459,1.1894520924275744
4880000,777,0.09546860774724605,0.055120168718265236,0.32604246116514585,1.653160826405899
4880000,779,0.07332877381743076,0.051854183726515,0.2745558650703867,0.6374721184288132
4880000,754,0.08878294481658253,0.06132072672712229,0.3021854449460821,2.8722193893924226
4880000,700,0.07234440172345658,0.0651279738865398,0.2747843613290555,4.802327743013138
4880000,729,0.0877220837454797,0.09234737798454132,0.3481964000392351,3.618544627580548
4880000,766,0.0679692214552322,0.15786064222206322,0.43435445598951533,4.484993567215057
4900000,759,0.12609216477664226,-0.10130415563614827,0.22394647985616387,0.6391647216422921
4900000,672,0.11597701268065239,-0.15503231817157107,0.1921837731844555,0.8874660994583752
4900000,730,0.11903981998109356,-0.10400009819840991,0.12749267596140568,0.2935650221575476
4900000,744,0.20534568028327874,-0.16215263894937842,0.23256417498729007,2.07524945846769
4900000,778,0.11435554108961535,0.008309879953580153,0.28715553030072405,1.5779751080422544
4900000,775,0.25082958948447137,0.11470694486668018,0.886022713499699,5.083223052100196
4900000,779,0.07538769452597191,0.046575030514125176,0.25368176599018905,1.0814765664750372
4900000,700,0.07918448803993854,0.038639185679794276,0.23429737046904617,2.443173709735568
4900000,754,0.0860713342576285,0.0630391287122964,0.2108632089810586,4.568932183469546
4900000,785,0.07117726470280976,0.1405089398188825,0.38656438519778963,0.4705624666689396
4920000,759,0.1387373099137596,-0.10264455443322344,0.22659391272514043,0.6494329551033355
4920000,672,0.1468460707564262,-0.17017425503225284,0.20346303348723263,1.8092807350962519
4920000,753,0.14740682715924078,-0.17429645054619194,0.20870385560619087,2.060873160502976
4920000,744,0.22362930271516734,-0.16645659297626936,0.24196618725869487,1.0502531888181743
4920000,783,0.42698513615998496,-0.4917310915544919,0.741241421024478,4.944822068347491
4920000,730,0.12444047270696208,-0.08719712559768236,0.1334321714288985,0.9311075991723505
4920000,773,0.21036047466081,-0.2745661206684016,0.44125630639448055,5.838349108963263
4920000,745,0.10859570543332424,-0.07156822153292064,0.11824299530568869,1.4828003374607626
4920000,760,0.11708234132410024,-0.038126118717980786,0.13226116745695185,3.671541953971395
4920000,756,0.15761733421595894,-0.05159122790720466,0.18569157580461257,4.119168829432087
4920000,737,0.15842552844133084,-0.04924312425023795,0.1903033948378813,4.157361757405592
4920000,700,0.09403156258370046,-0.016566267873910506,0.1696585720313253,4.314583406324005
4920000,777,0.10669340674074632,0.0481295563515776,0.3214922879682618,0.6992296651090626
4920000,786,0.09468287812438267,0.10777504826188099,0.28648691998318926,1.4562969191768576
4920000,754,0.021733497337244,0.10798426735171099,0.153983379607955,4.846322764845416
4940000,759,0.14994604241038048,-0.09792124944640104,0.2342846243507848,0.7195351615594745
4940000,744,0.2643029126519766,-0.2690545881130049,0.30335075319093135,6.31441923023377
4940000,672,0.14375998657122913,-0.15820124480497608,0.19352353628836225,0.7932063005091259
4940000,758,0.1490348638019519,-0.19511802087903193,0.2634750527386079,1.9732384697324454
4940000,753,0.12437755890030176,-0.14234428732105173,0.20623780258306212,1.9731759607426433
4940000,671,0.1244441290255083,-0.1279263960789804,0.18658007409515542,2.7237265463995866
4940000,707,0.12021527166836568,-0.12031011762749597,0.2123565423968125,1.8416394024665768
4940000,737,0.1845038327913017,-0.062394593940538555,0.27505727720598794,4.482259388202411
4940000,760,0.118779303557172,-0.028474141663222135,0.1573689086139793,1.3476266247502962
4940000,777,0.12434001982505336,0.03077844426691759,0.3433136142280728,1.6497229492090404
4940000,738,0.12440041132651451,0.03328377829065157,0.3151417607342679,1.4058094935860255
4940000,779,0.09099285704169643,0.05365650621427672,0.28294393125998696,1.6955402616208926
4940000,786,0.08930568552134714,0.06088672548429876,0.2649803890429139,2.593241160338688
4940000,729,0.10338961683945691,0.12278465473764337,0.33269699822215365,1.8789164870232689
4940000,785,0.0992585339765207,0.11273954225799536,0.2920691294724677,5.120803276711391
4940000,778,0.09741228055167636,0.12237822934081843,0.3129555383022996,5.908532563688489
4940000,754,0.04415165877400598,0.08835839247263694,0.15823519659919472,1.5048478948890371
4940000,700,0.03733849392062538,0.09559876861088171,0.16199267247432908,6.295606694372049
4960000,744,0.277945626936221,-0.2660180905880087,0.30707946490023263,0.7232690738444356
4960000,759,0.16173275075361052,-0.09541051254087352,0.23635400234924336,0.6113767632925929
4960000,672,0.16436792979396173,-0.15887502430488773,0.20515422901331745,1.1836535767996033
4960000,753,0.16313479985202578,-0.15503413066598778,0.1987157144475564,2.073485989961909
4960000,671,0.15369898932346862,-0.14240136630002068,0.20504084277909046,1.8749477288413494
4960000,745,0.09351736651401221,-0.07623760854434967,0.1518733345833716,1.8575246967134809
4960000,730,0.12799340090651753,-0.06124971471578966,0.13760071284616546,1.3259601877624665
4960000,737,0.24054265511687517,-0.08540759922971627,0.24762620091809323,3.3250608890624895
4960000,756,0.25287905088023765,-0.07363814589531141,0.25874117103857414,6.1026847818081755
4960000,734,0.1953199167863205,-0.06527725935407479,0.2782532491947295,5.522408003407943
4960000,777,0.11028000860300671,0.02488135343775229,0.3815600297226195,2.0586694088615842
4960000,779,0.10255054531879419,0.04824210153854336,0.27634527829071936,0.7183977959876935
4960000,786,0.11269271133953383,0.05648322518702675,0.24305890638348723,1.6177879909587571
4960000,785,0.10040273451136134,0.07701574509402588,0.2961659845096477,1.7988073131050129
4960000,778,0.10585643020419094,0.11102380103215044,0.3072056571300049,0.7636881547239229
4960000,700,0.041697667863143974,0.09360947417211057,0.1594674402696436,0.2708158392378459
4960000,754,0.03007384118229052,0.10535272411065966,0.1816989048796378,1.610541727368812
4960000,790,0.031792988391703025,0.10326266216634682,0.1652625128160711,1.4321479167952935
4960000,760,0.040674692498852534,0.09348959201947896,0.14952745982967683,7.252063658268769
4980000,672,0.19522888785016523,-0.16489363009798638,0.21435134979760484,1.6379937259954964
4980000,753,0.16974627103036938,-0.13990981449620762,0.19277962252536193,0.8770599723711658
4980000,791,0.8195359054245808,-0.7701644813605905,1.083449357151369,4.790394798646495
4980000,759,0.1649040756782682,-0.08230230140900399,0.19064530846483757,2.3828382223064044
4980000,730,0.16223153265485757,-0.07212003002732438,0.1778526374137177,2.69751313804993
4980000,792,0.2568375234763947,-0.10871079296871364,0.44372993238603586,4.1279657844320425
4980000,734,0.19233855112780876,-0.05380529920354921,0.226518424208166,2.6537645559070198
4980000,737,0.18951859660503115,-0.051866885855887196,0.21702173685669765,3.4150648680261892
4980000,777,0.10762880630764707,0.03601843883155302,0.37984047053705616,0.5788359622388388
4980000,738,0.10975079647476059,0.02911203307600456,0.3336428465899389,1.198232919009874
4980000,779,0.11252039022490071,0.02685711756193777,0.27334631339284804,1.1892320395849585
4980000,786,0.0870271501117282,0.030119896326326345,0.2650013009500558,2.1419703668997485
4980000,785,0.09859977858674811,0.028506783602027626,0.22312969937317848,4.38482295584266
4980000,778,0.12598408082574097,0.049382066918232485,0.3321706234192378,3.474217626292528
4980000,729,0.09777136838893276,0.05047911439067937,0.2603088554426115,5.123401969294824
4980000,754,0.09804940722850988,0.05508703005105983,0.25765816822260124,5.68267702456397
4980000,766,0.1064203036038048,0.08757337758925222,0.338468253537868,6.24758935681543
4980000,789,0.12875034826467086,0.22895999246928245,0.6792197985487785,1.996157250286472
4980000,700,0.050822896325134384,0.08993264031694895,0.15489075119968093,0.5425287654242361
4980000,790,0.04114858044146086,0.10174632827545176,0.17507122154468963,0.6819771586956673
4980000,760,0.04498616330884038,0.09789543395944439,0.15688778147369528,0.4800379111297932
4980000,797,0.03839773122298184,0.10429124198445616,0.16305141808624724,0.5634199437065207
4980000,798,0.04793393620083299,0.09587135232674464,0.14158852071081496,0.43431738004417986
4980000,804,0.041805076507301295,0.10466543799509727,0.15283759047685114,0.692160048026591
4980000,801,0.03525859241547707,0.09857465437506427,0.13913380681525367,0.4350801809465185
4980000,799,0.038809291973581225,0.11200655596307066,0.1518097664370093,1.0668977334848955
4980000,795,0.0423326069153977,0.1067179309223733,0.14560953247741693,1.0749123907719664
4980000,796,0.04855473145778171,0.09752754624228721,0.1346600066684602,0.5669786940080601
5000000,672,0.23021439982929354,-0.19341429456296982,0.248968324184214,2.8441823366518952
5000000,758,0.1925816374071516,-0.16795163341255148,0.2463485312471119,2.7053889913467786
5000000,783,0.5268265683978871,-0.4052788032595538,0.6723211798602088,7.448541700374599
5000000,734,0.19214182980324995,-0.0639258454388556,0.2795966138900512,2.7017394282603813
5000000,805,0.8127716021424065,-0.5681504647834992,1.017678956848226,7.443770373806541
5000000,787,0.3784548446140218,-0.24358957149148278,0.4492943529291538,4.09181295651048
5000000,759,0.17712371043818412,-0.08171199365122135,0.18984159784990834,0.6130128213732433
5000000,730,0.15228839346360415,-0.06653140721195681,0.16382973647450932,0.9037981974699025
5000000,737,0.1471742186457442,-0.07632502321648987,0.20897352334833844,2.4779127146578377
5000000,806,0.26151607293803075,-0.15555552646106321,0.5690548061968944,4.306511194329813
5000000,792,0.22667798543926962,-0.10408426897401878,0.42357736561005477,1.828338321090123
5000000,707,0.17141582253106494,-0.04497399450955177,0.19319017830834678,4.654131865197184
5000000,756,0.19691595268688683,-0.04561754671804996,0.2239026000592524,3.581462119558369
5000000,753,0.19290501389681305,-0.040396605558953316,0.21140176620403262,5.1927811332976335
5000000,793,0.21308897759767859,-0.05247391673584417,0.2743088286076612,3.75582058004602
5000000,779,0.2229183147108688,-0.04795404477026904,0.2760957104750238,6.669327350756743
5000000,671,0.2146069107367783,-0.046468783884584496,0.25264223425221655,6.160098970382326
5000000,785,0.20971346909202584,-0.0426567819359496,0.2388337107319223,6.644005051649228
5000000,738,0.12873345622304125,0.010551697454243036,0.34148885750791025,1.3841850642493128
5000000,786,0.11902923562448038,0.02775541752117469,0.2867850950968799,1.939238203919726
5000000,778,0.11869763672570395,0.03237635654086925,0.30251218601134194,1.7477910076292025
5000000,729,0.11986137475229514,0.029170312277793625,0.24731835451084547,1.666423222862164
5000000,754,0.11949272096420252,0.04108675618281212,0.3042539646767576,2.6584730671714794
5000000,766,0.0986207136463712,0.04459412378910662,0.27489453253308865,3.8567045074502904
5000000,808,0.11979400914896357,0.045655434328141224,0.287835560242515,3.7812168293953765
5000000,809,0.11821524301759467,0.045784332815787025,0.25295118524175725,5.471524670708804
5000000,807,0.105702656756288,0.052148563393875684,0.2671752723390751,5.6717311056121815
5000000,789,0.09785114137225603,0.1637412136481683,0.6826719856785658,3.612536398943522
5000000,777,0.11069498149661183,0.09189650265207285,0.36060831675209426,2.9587308029913495
5000000,790,0.1150893818556802,0.06172036016656608,0.25041722992210763,5.644984768633238
5000000,797,0.08795652936679699,0.08536950300588343,0.24610711486186507,4.927564166582721
5000000,760,0.05081490463466516,0.11072430130533699,0.2004757715442177,2.290451342645073
5000000,700,0.05063406800722524,0.08583710965514312,0.14701979625436737,0.4437368569506937
5000000,798,0.07174343022065979,0.07842611722031673,0.14397695881584177,1.4806526179190858
5000000,796,0.058918926364950115,0.08527004093118272,0.1444982829870772,0.9413483062169261
5000000,804,0.04689631910026006,0.09678433923035262,0.14825528556547093,0.5220871267826765
5000000,801,0.031736504938946114,0.09818213765015606,0.1474375647392395,0.4514187779430156
5000000,803,0.04272353806643665,0.08686034929013664,0.13008261934525633,0.5081220221583144
5000000,795,0.052103235430408616,0.09096127283800998,0.13838117671522188,0.9949705807092175
5000000,799,0.03913714396545121,0.10977812277347693,0.15811704962630097,0.33487020858452465
5000000,800,0.043822892785956725,0.10553037002140653,0.14949583883172884,1.3044138580618563
5000000,802,0.05998633245051979,0.09694493115997398,0.14176955805062116,1.531386190751589
5020000,759,0.1913706588113107,-0.08639785966089854,0.2048094796957942,1.059446040579205
5020000,707,0.19006580685002084,-0.08113612115385889,0.20077829595110389,2.0694811233111845
5020000,779,0.22829994832412193,-0.0434169516333616,0.27448752361480294,0.3610175184726345
5020000,729,0.09970819759266422,0.002468553846900224,0.23639181516537627,1.7596332821054945
5020000,809,0.09801817379990538,0.007864545387380403,0.25214044713264294,2.148539724953467
5020000,786,0.12910070358741713,0.009504044158318008,0.2356377486438204,2.761611008880574
5020000,807,0.10872707965048896,0.017437065701438798,0.24493484391621043,2.0668042132284725
5020000,790,0.11125071184048736,0.013655104291916352,0.207126451424978,3.2400214940138254
5020000,738,0.11039878762287608,0.03161604039814045,0.35211384138908597,1.4939518891276644
5020000,766,0.11449621547033031,0.024771929248827894,0.2538142823042812,1.6502483936246692
5020000,777,0.11426164544324267,0.048378069060175735,0.42380829801998016,3.840837404219841
5020000,808,0.11574797800864452,0.02262076279019557,0.22378380704609893,3.409396408597888
5020000,778,0.11868453340733302,0.030175877073725165,0.2504774789021261,2.6040607834323635
5020000,754,0.1094336937096733,0.04246995507231442,0.27223811516698226,1.679368845956616
5020000,814,0.13624877433818197,0.040866306096026456,0.2807102996071365,2.8555920697933175
5020000,797,0.11073713795265058,0.04304872161087286,0.2495529840972101,2.4092938178090884
5020000,760,0.12355860612838543,0.06059006688076778,0.2636187430757332,5.4295769683684645
5020000,815,0.10378315108450244,0.11264189622564813,0.31635968379938345,2.9701872765014246
5020000,796,0.058846467327501685,0.09179130891563098,0.15538130064130698,0.6343742186189765
5020000,800,0.045310939873828865,0.10137283266029612,0.15873184730800077,0.5118673012083321
5020000,799,0.053369516297212434,0.10669679499948724,0.16850393789852058,0.8943467602393045
5020000,804,0.05794597338760791,0.0996846552020338,0.15774966200680818,0.7427144077896181
5020000,802,0.053943243373972,0.09849957276456604,0.1440000744780964,0.33132702741799047
5020000,817,0.05659931464924721,0.11699694354516958,0.16562980412241318,1.1726443639574617
5020000,819,0.06067282413110215,0.09860747601664344,0.1420733321028231,0.5588255673764408
5020000,820,0.05169639144515336,0.10643988869598175,0.13851843632627256,0.18033061423714142
5020000,818,0.0550311158719634,0.10183038228023925,0.13222350533745003,0.24919774004146308
5020000,795,0.05786632283560172,0.09628638224765655,0.12687147397392926,0.6964969918411721
5040000,729,0.09018200756570965,0.009472094785322594,0.22528742604135066,0.8110261092030039
5040000,790,0.09517561605853585,0.010783324199292114,0.19304697638813206,1.0780624316481813
5040000,777,0.13820411406388716,0.042269689902326886,0.4517033612307225,1.8632556528278
5040000,814,0.12732441431455918,0.028927861929990886,0.3005923735756832,1.2424446831021765
5040000,778,0.12687483365221638,0.0283498732269149,0.24048822733256373,0.652304482335334
5040000,754,0.11405315918275018,0.03929467450551204,0.2613343411769919,0.6130133668192986
5040000,808,0.11522588671157831,0.033280150715546596,0.23353074017507294,0.7226649218107285
5040000,738,0.1294907575541322,0.07107170039774352,0.3860408336195547,2.7714135489252376
5040000,760,0.12811005751747556,0.04772126191025422,0.26530858902943977,0.6877089327317618
5040000,789,0.09883345468373138,0.1596731574706381,0.7174204573485101,1.749978788373138
5040000,797,0.11489377897252781,0.062012126691978565,0.27836182248300606,1.7369783864351496
5040000,815,0.10019851731796006,0.09738628430873837,0.2906883555222489,1.5038287715960232
5040000,816,0.11733284189787922,0.13691015913719304,0.3832756848021542,0.2943708881708172
5040000,766,0.10289843457274891,0.11522850801493353,0.3094704357946418,5.341935179586034
5040000,799,0.06849782472138677,0.10545663729606368,0.18316425515350462,1.0551405225408221
5040000,804,0.07062758836317097,0.10143697791622913,0.17626942793876815,1.1256950335878002
5040000,798,0.06235423179828989,0.08574085362041108,0.14347063694594805,0.5956483388993697
5040000,817,0.06406895393238637,0.11496271543415643,0.17336196569225548,0.5470829863238256
5040000,819,0.07176125029801343,0.10268810081637064,0.1515029468856932,0.7558477501595706
5060000,785,0.20600934328091897,-0.029425078261647128,0.24300984886000118,0.7180505898156687
5060000,792,0.238348249453836,-0.005518540110070866,0.46762814870537595,5.429518730965483
5060000,778,0.12339311058173402,0.030184576784603664,0.2373246184344509,0.25247254278605985
5060000,760,0.12310101711659924,0.033060802437689066,0.2785168646002658,1.0179367628188118
5060000,754,0.12322558923726794,0.02983578674902886,0.2609491814012748,0.6590758278597358
5060000,797,0.10986057476656368,0.051675708728911286,0.257447184695012,1.1933113117384169
5060000,815,0.1090330914893915,0.07361547208226131,0.28214719936930505,1.337957924530818
5060000,816,0.12466053185013329,0.12665739255991665,0.3631466661128081,1.1874254249431042
5060000,798,0.06441518614452663,0.08825846041228912,0.1480497052142893,0.28086359225570845
5060000,819,0.07318673730833848,0.11208177463215467,0.15567959453707964,0.5189352237461425
5060000,802,0.0767654982007607,0.10315777032140978,0.14494249242850138,1.1655924153093897
5060000,818,0.07805156932976928,0.1007918333766224,0.14108398456889595,1.234430995883422
5060000,817,0.05572145841896709,0.11738024365690991,0.1562162535309696,0.9611198801034542
5060000,820,0.059783712210263636,0.11069128556445071,0.14706630773954826,0.6255901977111443
5060000,795,0.05782636424865337,0.08993963721877678,0.1180529215273707,0.5432532475811466
5060000,803,0.07098770370482418,0.0958025990058344,0.12403034933991616,1.5128258834294541
5080000,821,0.3992563860401627,-0.0715571621685762,0.5080283065895831,2.096548258501461
5080000,822,0.7299744974397954,-0.15529633982858668,1.1208151994480557,6.823041381319292
5080000,754,0.11283768889557926,0.014716497505334864,0.2660136326114793,0.9515120162192889
5080000,790,0.1159309494438631,0.012466293695556761,0.19877795432770462,1.0798846679221175
5080000,760,0.11193215257767124,0.01695863003177693,0.28569653600573625,1.0435170970918148
5080000,729,0.11676250308105265,0.010579445944513691,0.18070315204284734,2.595913353910599
5080000,807,0.11369624596237109,0.019180307769061752,0.24735187883095702,0.2897134986524561
5080000,777,0.1477563741337965,0.055677823298690525,0.4791229304516323,1.599106383170088
5080000,814,0.14065515684193175,0.038604834505684194,0.3291098713345352,1.646663424161073
5080000,815,0.16231411473269877,0.035184768285716185,0.31866632249597504,3.7581354373187916
5080000,778,0.13662917868418617,0.027827184936018837,0.24406117129349827,0.751884199134522
5080000,797,0.12489295766742016,0.03917924156852946,0.2641291540804171,1.0329362783298335
5080000,738,0.1423206540709584,0.05049027781152956,0.36429346366926985,1.628764332292536
5080000,808,0.12491583904290675,0.03367495095955178,0.23110695648403537,0.499814392542431
5080000,786,0.13034451288932603,0.05402435597442785,0.26249200537515716,2.6003635949496133
5080000,816,0.11986494166495017,0.11480325426958335,0.34933508588802803,0.9411137393218031
5080000,803,0.062444943251309726,0.09216178882303247,0.13224130385846627,0.6197863120847041
5080000,819,0.07582635130678832,0.11546190239195676,0.15649833245413372,0.21830687981726038
5080000,818,0.07345023388551272,0.09534534904076782,0.1298044017849942,0.667205866412635
5080000,795,0.058690070349380424,0.08495861767742328,0.11279820208695263,0.36458407911374185
5080000,820,0.059997780069336426,0.1147719249770238,0.14542114276769025,0.22024991968421637
5080000,802,0.0748039297534942,0.10272308226419428,0.1303662324373393,0.735703846344352
5080000,798,0.07744399930729638,0.09658806850384252,0.12351996392728126,1.449862537446897
5100000,822,0.7918858096100908,-0.10596194458380412,1.0098942806230027,6.813652354246254
5100000,754,0.13191517662965344,0.004115571217366277,0.2584718100238439,1.1545662219531432
5100000,760,0.1219290765449062,0.017391032796509262,0.28666087618490116,0.5026316069915839
5100000,808,0.12261131979559788,0.013683726993098742,0.22451319535104705,1.0588171826583317
5100000,778,0.124853266060192,0.033779178023296594,0.24570742504276719,0.6648467704026424
5100000,786,0.14602740939332878,0.04591544052505121,0.28062554760895875,1.2654377764883058
5100000,797,0.14493747403684426,0.042008613732142444,0.2660268474806725,1.0165987698764343
5100000,738,0.12962948140780414,0.0635012801798958,0.3433741877524131,1.3856119145356047
5100000,807,0.12017877420386094,0.056690029409379006,0.24682007255040656,1.9034739345837068
5100000,799,0.09088509681866799,0.1150254739950997,0.189564203553824,1.2586817779499266
5100000,803,0.063122470979543,0.09254962214469378,0.12796173489761895,0.21750959173427092
5100000,818,0.06470746911360764,0.08900715103132714,0.12468800383314856,0.597465935985878
5100000,802,0.07977064836098023,0.09897087012272066,0.1336235406398122,0.351274274629054
5100000,798,0.0871059978272315,0.10000811031384209,0.13676113616556768,0.8372268862520784
5120000,822,0.7523908697650719,-0.0559904372375439,1.1430807003673729,7.381670580590575
5120000,754,0.15262276016938647,0.009017554455429818,0.2421316185905998,1.3414873385503325
5120000,814,0.1667366806355607,0.018506682645937307,0.3661906113374492,2.4794973637507605
5120000,729,0.11555625038810591,0.013513138674863123,0.18270823901769612,0.18762977090572933
5120000,738,0.14775464799821422,0.02839395425836114,0.37337777426745317,2.480554978758016
5120000,790,0.116206188057783,0.011785184045534209,0.17023424733286488,1.427657938423285
5120000,777,0.16608489238418553,0.07076854625999325,0.5932224085706371,5.827168138937407
5120000,815,0.17003604345675116,0.03315788847619692,0.336734498854461,0.9876682412416288
5120000,778,0.14208926044826442,0.02960194804515063,0.2461089629968336,0.8869751766038063
5120000,797,0.14327277784619966,0.034709344375564236,0.26322936236747346,0.3996137807483577
5120000,792,0.16165886909840077,0.08009514801424565,0.4542175217052681,5.785933280397462
5120000,807,0.1350763245362715,0.05283813070028582,0.2564298884237375,0.9070869455172731
5120000,786,0.13773433707836413,0.07168571778701358,0.32458689283979286,2.5814153642353976
5120000,766,0.13175853702406046,0.07960142673789014,0.3022786478334299,2.320515162577206
5120000,799,0.0895550363502331,0.08375704555887833,0.2592017695103184,3.8173532290272476
5120000,819,0.09083899629225119,0.12377713029576269,0.17178534758260192,1.149146809691642
5140000,822,0.8834285803039497,-0.0710042891627746,1.0904283570324051,7.100803931873982
5140000,821,0.41871504979256285,-0.030138197442233266,0.42222097157654787,4.862373128440029
5140000,779,0.26729696106078865,-0.011211477202094321,0.27035173543588303,2.5372545839881986
5140000,760,0.12824848589488683,0.01881094277631755,0.2982211771827797,0.6625549751623124
5140000,797,0.12802888896183243,0.015442091266734069,0.2775787080326072,1.422591747213649
5140000,777,0.165100752778092,0.049104382523794524,0.5332418527798969,3.1890326096322745
5140000,790,0.1269065506533654,0.009562275773114809,0.1720770801804138,0.5541550184030968
5140000,778,0.142453236125721,0.023676463787198693,0.2315136622440659,0.7878239747062126
5140000,815,0.17233445456164992,0.04072973845810716,0.33522073042039546,0.4028247156880062
5140000,808,0.140731984861441,0.021508509557737397,0.20858178686891996,1.2682620991308657
5140000,807,0.16646922448637907,0.043710575509734416,0.293616626078057,2.475722060533659
5140000,814,0.17735380020842978,0.05614998611605136,0.3708246841168325,1.9692740760825558
5140000,766,0.15726908592785913,0.04745096756109944,0.2914868321417541,2.121852620102707
5140000,786,0.1603328918798737,0.05337872807564498,0.31922752164733437,1.4786509146748779
5140000,754,0.1394735090711982,0.052651534926857466,0.28517170091720373,3.1341967642862567
5140000,789,0.11803443021033222,0.25866555312522177,0.751885259788577,5.328225423590767
5140000,816,0.08033306531161526,0.19350289476450458,0.3083766520903429,4.856437985088598
5140000,803,0.07085145962590846,0.09260070579900878,0.12855591475900993,0.3875981319068336
5140000,818,0.07424666673870506,0.08747159204914412,0.12050653059694384,0.5264003969022143
5160000,797,0.13028112718586418,0.013210682339468835,0.26310607637960876,0.7407915188867938
5160000,729,0.128826807083145,0.010364196943306219,0.18959420758258655,0.7639372881684184
5160000,792,0.1617691321522936,0.03792503643763473,0.4461302487520423,2.146936452334375
5160000,808,0.1291545260097058,0.014758513414247124,0.20615949516033114,0.6809322626411773
5160000,738,0.15568170741372608,0.035157580520331175,0.37211687589910847,0.5248208644003216
5160000,815,0.15380269852744244,0.031926851874001634,0.34927112564064833,1.2433125107644045
5160000,790,0.12851759599706458,0.01263504247668265,0.17396444027893282,0.19748095133133584
5160000,778,0.14514569232399005,0.026496608544062945,0.24401574172323517,0.6547986868739356
5160000,754,0.14256209293232064,0.023284245429531288,0.21260329503346515,3.917317505383619
5160000,766,0.15293077506533234,0.04555276658492222,0.3022361085237467,0.5873053950508685
5160000,807,0.14975072308710805,0.046374129793205564,0.2677312283396866,1.5464933127337281
5160000,786,0.14158207935502698,0.07001661473771977,0.32452029737112076,1.2810403172659102
5160000,760,0.13946033566041413,0.06570399659903664,0.28280549388077453,2.530961953315826
5160000,799,0.092852720379446,0.08185515700462331,0.25735499811968104,0.21155652080832227
5160000,819,0.10264440794544259,0.11979059697419492,0.16231971498720638,0.7823975854006263
5180000,797,0.13829145845743135,0.016709623254141943,0.2902873613897184,1.4276118602454864
5180000,815,0.15052589625050458,0.02684417715890252,0.3358377474535222,0.7365912450946072
5180000,738,0.155629365946143,0.0339765107300844,0.4031832515014147,1.5544431145447482
5180000,814,0.13679205180709572,0.03590826680533829,0.39009091798123485,2.4628085600309375
5180000,766,0.16688656568469284,0.029221917065619756,0.2942056236343583,1.146679363850492
5180000,807,0.15345658176742683,0.034280352284590296,0.28807931058971337,1.1979537702267946
5180000,778,0.1486506732422702,0.030756835268177726,0.23929660373323208,0.36298996662118654
5180000,786,0.18040859444872018,0.05754109885662112,0.369517102831276,3.036383240155706
5180000,754,0.14671969386359324,0.030021817236754792,0.21969606400534852,0.5314788120182293
5180000,760,0.1535340378290298,0.05173616961433553,0.27462667988985234,1.0724531245042208
5180000,799,0.11893950926991884,0.05459246897795253,0.24240516325134287,2.0293301084632924
5180000,808,0.12308031042791737,0.07272711847512618,0.2695802483631692,4.306810654200364
5180000,819,0.08656543423941833,0.08197640680394573,0.25575414977902755,5.103537983237186
5180000,798,0.09939167686154436,0.10730551558506042,0.1653422367984733,1.5977087863678705
5200000,825,0.7016908227927391,0.018650686322719497,0.8351237707639521,4.628800056009584
5200000,815,0.15073003577238261,0.02458534724035436,0.3335204776524854,0.1621243725979998
5200000,797,0.14797730089833025,0.021125420731006515,0.29773302620989534,0.6495243177915329
5200000,778,0.15708086794359188,0.028537801895997045,0.23828147763849838,0.4388130946008029
5200000,754,0.15425511176583928,0.0231638641278708,0.21724327697622065,0.5239995420212687
5200000,766,0.1619738238940182,0.04888859541217865,0.3204552943560755,1.6582810995782848
5200000,807,0.18051822560557376,0.0537488510203372,0.319246490382694,2.2818567584833596
5200000,786,0.13381393362474303,0.06757169942810107,0.33597029546108115,2.914216725751108
5200000,799,0.13141895232643927,0.055022060315235786,0.24388441823790208,0.6287074896827323
5200000,738,0.17071516577519766,0.10391253452635789,0.3886189466022972,3.65059849822933
5200000,814,0.16674988276161848,0.0953487602868456,0.3548544541680417,3.765717820974955
5220000,826,1.0900966237488288,-0.01174897916032514,1.2422665993934021,5.588460908487997
5220000,815,0.1555021158940725,0.024148422072951647,0.32493355302721416,0.4916780623787962
5220000,778,0.17855565911431684,0.027184557434824726,0.25276986480030933,1.2970266852964787
5220000,807,0.19331881341038717,0.04014654571712031,0.29137047503653923,1.6777589139159081
5220000,799,0.14024271563836288,0.054302114637075134,0.2518969215905153,0.5970287487633854
5240000,797,0.11203686242743714,0.023438359793089062,0.27281336528434647,2.1897798435169733
5240000,815,0.15351037528251169,0.023270474872286825,0.30803799559397255,0.8517594773920362
5240000,808,0.11145636872440164,0.028610034553538798,0.2849588574227859,2.407246731786982
5240000,799,0.11289773745993152,0.025796895921609272,0.25480154037623143,1.9803611639583367
5240000,790,0.11649846389201485,0.01935585071484645,0.17946464293039752,0.7414192962487335
5240000,754,0.16227387391853001,0.03155561446343726,0.23564371247675717,1.0877707097147242
5240000,766,0.16377997978676362,0.04839733290401439,0.30297883409632187,0.8788205180404797
5240000,778,0.1552752558186285,0.03510547763254111,0.23640300107600273,1.4769837359958564
5240000,760,0.15917626130257176,0.04412650052929795,0.2669404636301585,0.6099583381263564
5240000,807,0.15684233160081507,0.03832390451254604,0.24867022761926652,2.809433606468109
5240000,729,0.14198911792547508,0.040451176260048974,0.22574719933887877,2.442084951453757
5240000,819,0.12104704635798534,0.04604267284456527,0.22129867289216368,3.0279509152478226
5260000,754,0.1915350559642316,0.007710443250686949,0.26343214557612027,2.343611518039436
5260000,833,0.5262732689808227,0.05037608423267731,0.8566369191865969,4.029773249151686
5260000,779,0.2598851063312121,0.012273761054130425,0.28784461064016,1.5103746963886113
5260000,837,0.66605931463614,0.03928270037979605,0.7006308622377194,6.631147776387112
5260000,815,0.16763172136856305,0.02936185373608631,0.34233718016464987,1.8794622728042258
5260000,792,0.19885815557960554,0.02876973974623847,0.38272818839299766,3.7010932081180847
5260000,821,0.31714803225436794,0.022051926163825217,0.4101124753455328,5.7415772516348165
5260000,826,1.145070125677047,0.09532593230152485,1.32100072031595,7.191346253703339
5260000,807,0.19325091382744702,0.027987838205189033,0.2482677052857329,1.8924726885033865
5260000,814,0.22247860459948723,0.04252965167828432,0.354704056471772,3.839131181449973
5260000,760,0.20127468388587869,0.03753970064980958,0.27748728388453997,2.1948226204714962
5260000,729,0.14705781227650835,0.03570994398995742,0.22515732088888668,0.3482775561564337
5260000,778,0.14547575247057648,0.031376358468006765,0.20895247209535603,1.4692414173044408
5260000,786,0.1702112783567759,0.07201482756631862,0.35158824602163813,1.9927546706174495
5260000,766,0.1811099387144027,0.06207337069811706,0.320760904834707,1.4173598042878124
5260000,808,0.17786981632416962,0.0608284598699567,0.3022131433892453,3.790278134968819
5260000,797,0.1439718508817577,0.0635152508603398,0.28322679357001673,2.6145937417955905
5260000,799,0.14255649997422673,0.06009238279241395,0.26201236009859186,2.2955492450899855
5280000,836,0.3217651841530534,0.0547765764910248,0.6522522064508272,5.2968641466406385
5280000,779,0.23466290869014714,0.016522061816298162,0.28488816178493254,1.2873887360121195
5280000,807,0.21279330044759975,0.015707228027852207,0.22803473694699833,1.5346752660868261
5280000,760,0.2328512057861877,0.034780569157066385,0.2977388687053267,1.8807021492440401
5280000,840,0.8484516964712728,0.1313630847954425,1.1823788471643983,3.2978002586417454
5280000,754,0.19156571663279567,0.03787249308638355,0.2649614511883555,1.5100405342434162
5280000,808,0.20118309753790348,0.049775918129357395,0.30328124702067727,1.2911318728598213
5280000,814,0.21296094718284933,0.058018010734676384,0.3502151056908411,0.9362501643175088
5280000,792,0.22592269233695475,0.07493076679115938,0.4018667002960177,2.841483857773023
5280000,766,0.19719996674709384,0.048388973591376123,0.28740876577526925,1.9739028003601384
5280000,799,0.1655888953678442,0.04850536676358821,0.25175233922611256,1.3874600952134688
5280000,797,0.15438194982638903,0.07240855690121555,0.2930568137076052,0.8427489962602841
5300000,821,0.34885836199137593,0.008515200350823194,0.3860170984480332,2.103197057813844
5300000,729,0.16150209834280418,0.01425236090420164,0.23535143360756713,1.3901305747737
5300000,778,0.15895831701893184,0.011882889691863971,0.2189159052470468,1.2855396453389074
5300000,790,0.15718769711130423,0.010218778398615522,0.2074758205847316,2.511834918972792
5300000,779,0.2687947963486168,0.010659526024568582,0.2726037333292485,1.837295746146034
5300000,819,0.14811301973455723,0.009822835953321011,0.14884376916253833,4.270291727071733
5300000,799,0.1493712594991838,0.02068432463845703,0.26829521337746676,1.8101718035067327
5300000,754,0.16617824236990225,0.017783739477271555,0.26556428919149516,1.618985241343104
5300000,807,0.16368734187667996,0.0151590358950267,0.24947042714628292,2.6791717451962125
5300000,798,0.15022632039210915,0.009591904822708554,0.1624979353306535,5.509128960628858
5300000,792,0.33762975699309233,0.030353242095846698,0.3950713687349003,6.0232467434676025
5300000,760,0.31439788947403113,0.026617847775250284,0.351890552952795,4.911439846847322
5300000,842,0.40860779895231614,0.045995917330538545,0.5269974720454121,6.891121873659174
5300000,814,0.3150248582411944,0.030713425711300986,0.3425008934328136,5.296718648037295
5300000,832,0.7349543476219375,0.12423180015721971,0.9694758050746607,5.446709896112636
5300000,797,0.14823393980081578,0.042930909964855386,0.27077197418740145,1.873061510349092
5300000,766,0.14260283649698324,0.03441183591738865,0.20493091349032555,4.99469797050886
5300000,808,0.14150982396006875,0.029063966490092547,0.19215098371409975,6.391365257672183
5300000,825,0.6622383979314237,0.12094273117684143,0.8538849642676338,5.561505787454964
5300000,786,0.21629409932258564,0.06922909616439932,0.3842075820650798,2.826396898670411
5320000,814,0.3120419543732824,0.007996759880012761,0.336414421249475,1.1853161662760874
5320000,842,0.39945207751176054,0.024445453127108795,0.5293642225719396,1.1767022250076424
5320000,847,0.4645741498807254,0.041144123330805686,0.6550067071428067,4.653173539822753
5320000,836,0.36721982171473305,0.04206879359226361,0.5667944081835585,4.8812516598601245
5320000,779,0.2715666885790483,0.015864364726260488,0.2826300904825701,0.5815960157483028
5320000,760,0.29260741748116254,0.021600737784905052,0.3232247669152499,1.8177756678682389
5320000,754,0.257580663343116,0.023836262673328418,0.2763302262618064,4.611653986859079
5320000,778,0.21700392722497752,0.01614129807748457,0.2151789109779411,2.916072715287741
5320000,792,0.3141621351092214,0.03561918575502527,0.35895413131920084,2.169628008465956
5320000,815,0.2669381007862511,0.026145706914210764,0.2958445758330511,5.484902654324019
5320000,846,0.3757197597508157,0.05713974125070166,0.5042780233104207,2.016214095440359
5320000,821,0.3098031457945856,0.03771456071830928,0.37165833821590305,2.54169557257166
5320000,807,0.2505718095773652,0.02395655338381721,0.26171370081776646,4.40913959627948
5320000,786,0.24111605031223263,0.03841054103001448,0.3065190152761233,4.35930785825735
5320000,797,0.1854006238940262,0.05122716771229225,0.28574685360197516,2.0459944480480816
5340000,778,0.22594912723844862,0.007329285541707329,0.245868827294047,1.6579649662321592
5340000,786,0.22488474039905046,0.021967311903578354,0.34362836896174487,2.1857146065799617
5340000,760,0.2653428300443312,0.017513840546023333,0.34188727529394497,1.6645943020197638
5340000,841,0.46976757279529535,0.06453517520055022,0.7732761644292225,4.890399241504122
5340000,798,0.17656729915584526,0.009895756565230701,0.177277813680088,1.5102849831547633
5340000,846,0.3728633899093199,0.05978975073421516,0.4725496034617392,1.5983382190796833
5340000,807,0.21875081028398424,0.028443826280217244,0.2561356855750444,1.630817178689994
5340000,754,0.23124223748390446,0.02348610756258583,0.23817186351031444,2.318348514146015
5340000,797,0.21483536258057115,0.02771692233357098,0.24542965251879417,2.7589002258574524
5340000,815,0.2079532813050231,0.048334560244519285,0.2877467044475484,3.1769205460331933
5360000,778,0.24934884810022445,0.006173980190584087,0.25259694179979914,1.2187587862923013
5360000,779,0.24871518086272587,0.010005795948107897,0.26547161782856776,1.4585330103014758
5360000,760,0.2800893566151726,0.011691904183739318,0.3150800747135603,1.557225892306566
5360000,843,0.34576387773486406,0.07454934288167293,0.8930265994208254,6.322979387685812
5360000,786,0.24450344584167044,0.01911887190418259,0.3280202817737317,1.2615660895718712
5360000,815,0.23005318612269668,0.025919086617256316,0.342910647196415,3.1756573455290265
5360000,798,0.1818271580686158,0.013642109517969162,0.18537913789877686,0.5180075538181333
5360000,814,0.2765826675140707,0.0324217731873464,0.29202962316671477,3.091905804061101
5380000,779,0.2523634168302178,0.011424932695385994,0.2707155657452112,0.32719476055724817
5380000,760,0.27293965584125585,0.013958510238771977,0.31447721347546664,0.37622854037689724
5380000,814,0.2631787761453001,0.013200371351417385,0.29371772586635236,1.1747087757063253
5380000,778,0.24398765644905077,0.011655818719201894,0.2529019568015634,0.3836859514165014
5380000,797,0.2065097172166574,0.02456274038272018,0.2129140096029465,1.685624712633009
5420000,779,0.22709294987985543,0.0004354524733320527,0.27848231173605376,1.4315092723473186
5420000,815,0.19192442910796367,0.009230748767999468,0.30510097990295143,2.8115270194779827
5460000,779,0.21514046814113202,-0.0029102478370610593,0.24872790210534784,1.611971171232077
5460000,786,0.19309862922971954,0.014614877032538528,0.3821853736983254,3.740520793924217
5460000,815,0.1800428652950571,0.01039907958676317,0.3088315464579726,0.6254072320570154
5520000,815,0.15400576431964078,0.00535676034159865,0.27468859800450207,2.1616524579997405
5520000,857,0.33037168902255365,0.0690751284499779,0.3810965507898295,4.2034292952222145
5520000,779,0.23483848134555416,0.06033309013155565,0.30591559804521057,4.375546848259214
5520000,786,0.21050604004538848,0.059433625059109874,0.27964404201366894,5.662698744776534
5540000,779,0.23939215966904773,-0.0178300612901005,0.2854209508282331,4.046679129541581
5540000,857,0.3429409377989953,0.06622312922811063,0.39513614908833067,0.9529300010348194
5540000,786,0.2747922377944612,0.049192862928644415,0.27153658285448673,3.279984498463166
5560000,779,0.20670918361310944,-0.015359442039957883,0.27480919975814494,1.7225636012392458
5560000,857,0.34156840260551236,0.058434914104559574,0.39581437692603105,0.3968631397216504
5580000,779,0.18791393725637145,-0.009309899189470875,0.29169848244537033,1.299140219529211
5580000,857,0.33060824170505815,0.04802045170390385,0.36903286354034254,1.5377220272909617
5580000,859,0.349519401083048,0.04911836760288627,0.4029878206570362,3.0823394456885893
5580000,856,0.3443003756872388,0.07236327583686857,0.44468989729755454,7.401945568148639
5580000,786,0.31307378035698785,0.06656546740725965,0.3813477171653258,5.879151534441444
5600000,779,0.18100924635860433,-0.011303811088772807,0.2903608653127908,0.3655121771201896
5600000,859,0.3632200422750297,0.04822996971163772,0.4143085183728206,0.8897401540011082
5600000,856,0.3720690949208344,0.05661551669228573,0.429703560266678,1.7632951990187824
5620000,859,0.3714823738435637,0.0316153600195921,0.4117639099406034,0.9364646419389265
5620000,857,0.34669116496903324,0.0443694036912159,0.39470480767112565,1.5256468200077575
5640000,815,0.20114782857582514,0.015217869107920803,0.22489577066519906,3.4637195840877086
5660000,815,0.2152483652286847,0.012034002718740892,0.2363416961882807,0.921915601021478
5680000,815,0.20127854113761043,0.007586306753497107,0.22049711188173457,1.0793387285533358
5680000,779,0.2578077365256398,0.015010644902828272,0.2901059984380643,4.059102007585541
5700000,815,0.2019790645898666,0.0053344956892102885,0.22134070077290238,0.1252300722041954
5720000,779,0.22092471196452715,0.0005953872854098588,0.27332214899387447,2.1504968932303825
5720000,857,0.29247343031724643,0.009977860141913744,0.39163781455358876,3.213933518781203
5740000,815,0.2069476730802941,-0.003154293160148881,0.2198329964752867,0.49754341194814733
5760000,862,0.43251458803949666,-0.23015985287821622,0.49735864481495695,2.3598877030929004
5760000,779,0.28505515760390737,-0.06591059386247676,0.28976941606162104,4.692087003761315
5760000,815,0.1667609799087216,0.020259071026062045,0.2713564056480204,3.4705250407406636
5780000,862,0.5147473678928978,-0.3266785232619676,0.5528586590037838,6.920681937140509
5780000,779,0.27314610088929064,-0.07031318214348058,0.2816227758956408,0.7542813821743728
5800000,779,0.2684700621567327,-0.08064514614537603,0.2823621381599372,0.5682461502788895
5800000,857,0.2280478344898956,-0.005489987339913506,0.3473272197839221,3.9853922367415238
5840000,779,0.22993695932126593,-0.09183072460401047,0.24228298219984437,2.8356021944449337
5840000,815,0.19574328692373746,-0.022664149183823517,0.30027735749776857,2.9659730313146895
5840000,857,0.1817393104179413,0.0070195184106333726,0.32095912261023757,2.7368977348480734
5860000,779,0.23808973625450772,-0.16369222940278666,0.25627268242807344,3.683156036656418
5860000,815,0.24155756306354148,-0.09983522573671838,0.26647784558924037,4.794979134418031
5860000,857,0.2275775057605993,-0.01996892152197055,0.3037471195951374,2.7954288982458753
5860000,867,0.18952745615528044,-0.004758828277580177,0.31179471948527016,5.624788672355541
5880000,857,0.22988903116721743,-0.042797690931524704,0.3732468876157975,3.659478657331398
5880000,867,0.20256127264490006,-0.035931264651049545,0.27593075927974975,2.4636481096973997
5900000,779,0.20690094495454198,-0.16961031745540414,0.2434127350305355,1.712558550837602
5900000,868,0.2872446526096345,-0.18180123238970286,0.35823179581872805,4.502265963189491
5920000,867,0.18494853209065998,-0.043563805000984085,0.2629393149608606,1.158923991807864
5940000,868,0.25694586038583367,-0.19319913206327768,0.3245659984620874,2.3352274187155326
5940000,779,0.1728161834135526,-0.14924964810656244,0.20214003476050332,2.8634610234901428
5940000,867,0.1642521539286523,-0.051813194372605134,0.23845290630509763,1.655276942754947
5940000,815,0.16276869600461866,-0.04471877447406779,0.2294235710281934,5.152312110951307
5940000,869,0.07992587375527267,0.10463343037853025,0.17559007843390165,1.811939369460597
5960000,779,0.1688620352975797,-0.18834299932226078,0.2404160376775909,2.7427075107938013
5960000,868,0.19733258087029634,-0.19781011879725482,0.2249913402776425,5.807348113770934
5960000,867,0.206334824386781,-0.1834908691299632,0.22974471532846716,6.925639640581493
5960000,815,0.20296962677614303,-0.17561447010038211,0.2202302270724992,6.861908543087942
5960000,857,0.16235234274617483,-0.05955537637695428,0.27761157903761674,5.913572640801161
5960000,869,0.06703467281941758,0.09548132086414601,0.1624808077799552,1.026885031552091
5980000,868,0.18319866052425318,-0.20857452605164048,0.23041225576699007,0.9287444382460813
5980000,779,0.20267887147200495,-0.2780183085338104,0.3076364809686189,5.853167409035311
5980000,815,0.15273648791225605,-0.17672151591275187,0.2229438815370768,2.515928114584337
5980000,867,0.18849765165434948,-0.15238933550896916,0.20639215242207004,2.139399634805087
5980000,857,0.23039919578041032,-0.18511245130921233,0.284297712828166,7.1483665369216745
5980000,869,0.05765688241334465,0.10373527032151297,0.1889984763376487,1.465654615078779
5980000,873,0.05876921890491605,0.09537188444045719,0.17045185655445158,1.4838783185393996
5980000,872,0.06637216825891493,0.11101691732136992,0.1894372960032542,2.5726485200843885
6000000,815,0.1382083774557516,-0.19381765163435558,0.24588325247457002,1.6043367703320557
6000000,857,0.19530936491916412,-0.2015063644269359,0.29912605111316753,2.073605696291352
6000000,867,0.13385543774958455,-0.1287641230915004,0.16438141106811183,3.6430840613736115
6000000,877,0.15678485635788242,-0.1417656903542806,0.22547090568283026,2.2770215087636463
6000000,878,0.13947445369892078,-0.04970474366587154,0.2117082649974484,1.1040612605691815
6000000,871,0.11768567369651013,0.08191458930287532,0.3532609717699423,3.053709501099822
6000000,872,0.06166296700206372,0.11711091441270473,0.19947272646269423,0.632501465478505
6000000,869,0.04492744965656579,0.10915900790981603,0.1884183704370481,0.6924447822607189
6000000,873,0.05641907034585645,0.09254225358164152,0.16140312054262568,0.48838927214499395
6000000,879,0.0676099754251558,0.1065738273056577,0.18076574472924795,0.10036485459950985
6000000,880,0.060272133728955915,0.09921832228972612,0.16304187885980537,1.2019364052162025
6000000,881,0.052816188354126686,0.12615685218548067,0.20112033389874584,3.361451673513865
6000000,882,0.062455992781885,0.09647362137476012,0.1575474440310455,1.3854240069994546
6020000,868,0.1688798240752934,-0.18503552801580325,0.2235224177683756,1.420020575053721
6020000,877,0.14268272950796806,-0.14332809457052886,0.2164211415441954,0.8414412035177316
6020000,871,0.1013694841025167,0.0706080049939173,0.3082995455113625,2.4574309465417454
6020000,869,0.043304956657421394,0.10386110888279845,0.1902753753329873,0.29218438021345594
6020000,883,0.04611952132425306,0.10504873700987999,0.17798125206325527,0.6438626672747485
6020000,881,0.03985789465748919,0.1104309155110568,0.19209602166831335,1.1142942509147193
6020000,873,0.053060159237185996,0.09507614643077811,0.16233587582688982,0.215481607261374
6020000,885,0.05250623548010378,0.08763414022998303,0.15304967344526937,0.46703133465554963
6020000,884,0.035019085842046146,0.09671011751724377,0.15842002302912747,0.8533607211505322
6020000,882,0.04666645865219395,0.09195073041312478,0.15289374796852634,0.8535555308909719
6020000,880,0.0513447922167052,0.08418363070504058,0.13625192079629753,1.599563401812724
6020000,872,0.086380327384647,0.17980223479917917,0.2829401694418306,5.363758848409728
6020000,888,0.043019481837296925,0.09472850400644724,0.12641066184858885,1.8178081973965432
6020000,886,0.05495071672406842,0.0797949571502743,0.10803021152170764,3.0168217224994236
6040000,815,0.1329245278389268,-0.1901596723953691,0.2086294550456255,1.890201908370445
6040000,877,0.1318563813609786,-0.16760726476255527,0.25264803815637815,2.2467064547705076
6040000,867,0.11136772864102606,-0.13983026529476925,0.16997703631170274,1.2840050487447705
6040000,779,0.1957054309969449,-0.2466248175390571,0.3123689890252283,1.625251350870638
6040000,857,0.19089891002195952,-0.22926829241537605,0.291111454488701,1.4615150675656092
6040000,868,0.15569251331282713,-0.17531368672379552,0.23821226873410306,1.1002398427708042
6040000,876,0.158228280764968,-0.18790459120600655,0.2579418316870989,4.617147080069264
6040000,874,0.1720140264008504,-0.1975561941908697,0.2803427707003906,7.278718629961521
6040000,878,0.14005671810949857,-0.11764741278778801,0.1821879229922268,3.7040504557036265
6040000,883,0.03702580398437085,0.10124789877710651,0.17502965174480958,0.5144268917184337
6040000,881,0.03193038634239821,0.1053667713968447,0.18515852672490818,0.5844223211538
6040000,882,0.04714426197234045,0.0903878210075961,0.15491577626828504,0.1299959640494474
6040000,885,0.04907507137239745,0.08643754248466849,0.15107763612007033,0.2067224256707664
6040000,869,0.02704167037610861,0.12456713182837728,0.20206728691689566,1.44246581042107
6040000,884,0.03959098585080306,0.10777926086019293,0.17296937193650674,0.9422204594274708
6040000,879,0.03132371461133034,0.11782655982896102,0.18969727617105844,1.9513386219375295
6040000,873,0.03398604854418236,0.11236398307720581,0.16900915424668,1.3296838341411856
6040000,887,0.032679186795968956,0.1260495495346815,0.185722934362868,2.053186357893785
6040000,880,0.038202292851851866,0.12278646449726568,0.1772765095330111,2.892196806651396
6040000,888,0.044480146588135976,0.0909159449991018,0.13473968447920295,0.4637935038358032
6040000,886,0.056978385222287715,0.09767544988241096,0.13896156729333,1.7892541950162777
6060000,815,0.12010646094227677,-0.18529404612983522,0.20511193517647897,0.7077254127708876
6060000,868,0.1277796392620435,-0.2078243984460084,0.23161742850863296,2.1676985676398934
6060000,877,0.11765320018090597,-0.1666114032249018,0.25076887401179876,0.7180761688679337
6060000,874,0.15355673819893706,-0.21070199419367044,0.2709008041484856,1.2274305253754871
6060000,867,0.08339108744523502,-0.09051222198315727,0.12376596904578603,3.6573298273942796
6060000,890,0.1450199979920812,-0.14294837829372833,0.2279075894154503,2.5902150983194527
6060000,871,0.11057386041001854,0.07145535948165481,0.33876507774674725,1.591844219155298
6060000,872,0.11506094741923306,0.09522708429953375,0.3775516528265274,6.505164647389552
6060000,873,0.025577690155051448,0.10706234265394837,0.17217285023847054,0.5215765866726979
6060000,885,0.04113991253779562,0.09069258389378787,0.1452438214141759,0.5364361964539447
6060000,879,0.0306235535841071,0.1172696557004924,0.18067428232547386,0.4533618466793521
6060000,884,0.03692811280222346,0.11091704172748047,0.16861454162600772,0.29958766946091236
6060000,891,0.047152799521801264,0.09784520907339524,0.14905614486814137,0.42469011815673063
6060000,888,0.03000632211041762,0.10750494399059568,0.14516805990429527,1.2180286291362914
6060000,893,0.047333155797750645,0.08857368692869108,0.11871058634513419,0.799158131208596
6080000,867,0.0664796130753821,-0.12687529560952396,0.13902094986293473,2.145335363439905
6080000,874,0.1358070964102333,-0.20039348135832796,0.265941405894368,1.0558300662827613
6080000,878,0.11151014485221374,-0.05856349899693733,0.22892594314174106,4.02810695025424
6080000,886,0.04770833262768929,0.10512631875271726,0.13361782034065461,0.6519297383985256
6080000,893,0.05482654422412494,0.09652683023863157,0.12132430993179502,0.5617715496632917
6100000,867,0.06075269057673041,-0.12243515879074703,0.1343941636533683,0.42988256217266946
6100000,815,0.1287625566642844,-0.13558999406864353,0.1641169766908489,3.2503874406325566
6100000,874,0.11928338973489837,-0.19851729662308262,0.25201349001238266,1.0845964598284186
6100000,877,0.09652591033412002,-0.15662776906519274,0.21559536194227613,2.111404318581515
6100000,878,0.06034291340877846,-0.10039571725210353,0.1413618457745424,5.485319317383944
6100000,876,0.1498326007175207,-0.14606460339709304,0.28322459069484685,2.4800654862084777
6100000,871,0.11146436274497885,0.07069017000764842,0.3583759518751421,0.9822994622560962
6100000,886,0.04135408830991475,0.10661354957136769,0.13662784806861983,0.3593346047941704
6120000,895,0.0814068648871474,-0.31460091491226444,0.39646941937050134,6.152607855955474
6120000,878,0.047987808141221965,-0.10316233420525388,0.14950726886544494,0.7527461605144021
6120000,877,0.07805609840839937,-0.16521421868116604,0.18144365525248823,1.9882153677383918
6120000,867,0.06835636204361506,-0.14704051395741055,0.16689444840235038,2.073347433149404
6120000,874,0.0834891656817987,-0.15802537823429175,0.21808767412274446,3.1905261768811846
6120000,876,0.1341566010734002,-0.14524749167908704,0.2636916229908521,1.2529380109641013
6120000,872,0.10406947777573256,0.0917342274578523,0.36636925723852715,0.8032098494898484
6140000,878,0.04020595333870481,-0.10308185860260334,0.14971407475098264,0.38925091253706234
6140000,868,0.0810361333654253,-0.20388090088978209,0.2354617651892923,2.353340944804538
6140000,876,0.11016667034370543,-0.10697303010392484,0.24758018271401822,2.3979312401933592
6140000,871,0.20171051051829544,0.004731428739650702,0.4141328200769011,6.245748772014906
6140000,872,0.09687259516507533,0.07738471781065014,0.3466875469342705,1.2699146299332589
6160000,868,0.027860621166103952,-0.23888637992322628,0.30862906997431294,4.849348706147347
6160000,867,0.048855719386431594,-0.13662076601504036,0.15554169420010133,1.2427099814542155
6160000,878,0.04221798867710687,-0.10573567190467369,0.12219446411844724,1.3860194628968776
6160000,874,0.0597723461043057,-0.16077312111905936,0.207319085606755,1.309580200349378
6160000,876,0.08558864350100988,-0.08596572638628387,0.2874590832303501,2.566959738366074
6160000,895,0.2059079760723013,-0.28493625315151155,0.4542369117632232,7.020968953973002
6180000,868,0.009301373754602294,-0.3320071849842211,0.4164231358527798,7.1825292617399725
6180000,874,0.04413731403345841,-0.1915484399949279,0.27924319956542853,3.9889386584992983
6180000,867,0.0381208625301603,-0.13813761562271573,0.15700114949388327,0.5469643366150296
6180000,877,0.04806733309789434,-0.15933655789636242,0.20905434358419717,2.059261427854982
6180000,878,0.028214376128205185,-0.10357344188256394,0.14385619998565924,1.2942248682793962
6180000,890,0.09269459233177191,-0.14405910188424598,0.23091028861487,2.62116290360436
6200000,878,0.015583276346449883,-0.10110001519297238,0.15018298666028096,0.7170961422843064
6200000,867,0.05418038450566917,-0.1236058279093572,0.16393436924033009,1.1370473124286542
6200000,872,0.0837502883644408,0.07973705178074506,0.3207575143318908,1.4578194346671638
6220000,877,0.025259806959253325,-0.18842034095197974,0.22968047251034868,2.116297994062527
6220000,872,0.07271262987866814,0.06662192614318385,0.3145304829875499,0.9118831404036498
6220000,898,0.0765546431624459,0.0655532751509837,0.2914526928212897,2.710443501022954
6220000,871,0.09523239798617532,0.10004145231059286,0.3820441430490915,7.323126421633636
6240000,877,-0.02488405545790349,-0.2000360804597542,0.274737323475273,3.420326066802195
6240000,874,0.005593351922117239,-0.20921467055073656,0.23822411245131594,2.949702622709045
6240000,878,0.011609154755351452,-0.1231857021317114,0.15262694741699906,1.128654236421855
6240000,876,0.01324355986220734,-0.08196110989222123,0.37772357804512896,5.787384362589265
6240000,871,0.10129323651974696,0.10712587139620704,0.3812840073618935,0.4677086800926227
6260000,890,0.04484975855520049,-0.13648063594224297,0.23863785667418,2.452690651740001
6260000,871,0.15014329366189103,0.05908947648831691,0.3974885487722804,3.520088948044657
6280000,877,-0.06909861038970459,-0.16790447317461557,0.22535933777051648,3.6829175007060546
6280000,874,-0.046872777115482114,-0.2238483777477933,0.24519915003661855,2.74567443073446
6280000,890,-0.03430863928187756,-0.165019125248598,0.24233020567595173,4.211333150313849
6280000,878,0.009747970560358388,-0.10035676429863898,0.13384986848494337,1.4808807366012184
6280000,898,0.061928043054433404,0.014722106211268264,0.19832129575219593,5.355184937641933
6280000,871,0.12387350164737627,0.04731770157650685,0.35831310437612907,2.4307365656813418
6280000,899,0.19397356690045378,0.16740819845222185,0.7068420955241111,5.6640056253058315
6280000,872,0.10547245529307173,0.11039738262515822,0.4037829206961911,5.233424879637214
6300000,877,-0.08572451552930442,-0.16763475746280027,0.23473714700876885,0.9545113597873307
6300000,890,-0.060029957894650286,-0.17470535433445217,0.19461392860001034,2.7532945551972032
6300000,874,-0.04731753236020924,-0.15960125465271774,0.24255274030706084,3.2151571181196577
6300000,867,-0.03125033968638275,-0.1787259775981213,0.24811437147244056,6.5997939955517415
6300000,878,-0.0158010089688252,-0.12928804670125563,0.19820989221815852,3.752326648688322
6300000,898,0.08146472098040555,0.03286432828785493,0.28229442702674334,4.405198287907063
6300000,901,0.16630958048325167,0.07429026310718566,0.46681752283795824,3.9191073559113776
6300000,871,0.0608526728619469,0.07293907015851346,0.3198058357044771,3.9086088092082796
6300000,872,0.07128437355649625,0.06018016522166664,0.26786022342124394,7.444053581731064
6300000,900,0.07372563640977087,0.07857920540691957,0.287766310678464,6.984566350244016
6320000,890,-0.04092245879361563,-0.14871707488546157,0.17130067988193198,1.9899715804540081
6320000,878,-0.023119735072615007,-0.1465323090136584,0.20386156422309884,0.9783528644265771
6320000,874,-0.050209249694256115,-0.17256588629595554,0.2411265485993843,0.667977779517993
6320000,898,0.016458570538019683,-0.05608800136357297,0.2637234728778939,5.586411389199929
6320000,871,0.10051009506036754,0.09864787341072802,0.3499806881920606,2.8036473667047916
6320000,900,0.10206667258255447,0.09387486276655826,0.3278047241637017,2.569166216803306
6320000,901,0.11061997528391311,0.1491457728391817,0.5038286953935193,5.01859202327522
6320000,872,0.10503874950280466,0.1116712294435413,0.35184899647850615,5.206918856168741
6340000,877,-0.1065972810862402,-0.17561552666341673,0.2845770872851768,2.7310184299012987
6340000,874,-0.07615829321901169,-0.1937005029163146,0.24499455292800268,1.6844779139435362
6340000,878,-0.045405878484775924,-0.12514658487383268,0.20941229958082502,1.5691016921981507
6340000,890,-0.036627670690713585,-0.0957726194650775,0.17072966333756812,2.6560716408371796
6340000,898,0.012784236954724412,-0.1169456221561441,0.23707976860669802,3.3267994052484804
6340000,876,-0.048419734356077555,-0.0680256129059457,0.40287729925821975,3.401936808999821
6340000,902,-0.04641691347202335,-0.05316641211345453,0.49395664886335117,3.305567589976034
6360000,878,-0.08394044510281821,-0.13828020446227396,0.24540212296032357,2.7169248125508223
6360000,874,-0.06979168748883859,-0.16811182656951065,0.2696368057724978,1.804546100101758
6360000,905,0.007556901778286404,-0.02415682391095175,0.19930258413389682,2.826120205586349
6360000,898,-0.02207800710408649,-0.032336028468102955,0.2495609273379418,4.617883370156182
6360000,890,-0.0153105874375461,-0.02486162546760481,0.24805315104554526,5.352968536115679
6380000,904,-0.19473269453641767,-0.2647176685049832,0.3429386353386743,2.7368918458693337
6380000,878,-0.1030024443608664,-0.17034712231867705,0.23225478936742378,1.9776876757504738
6380000,867,-0.06375749293395996,-0.14171792470748953,0.1922912116965078,3.722410562520805
6380000,874,-0.07550580402685253,-0.133236086106883,0.23810782145136367,2.368039934708076
6380000,877,-0.17714696409959943,-0.13732967378362315,0.3048333147047976,4.13925689384401
6400000,898,-0.014379250112747273,-0.04740470581956409,0.2651951931066912,1.1519181421242803
6400000,871,0.06183101169868563,0.09721467718976337,0.38457493203458976,2.5956151718543015
6400000,900,0.07204971855047605,0.08075141033521563,0.322437833984958,1.6598539418216274
6400000,872,0.08119028246913575,0.09614569609379027,0.34266325859466173,1.4951332266063437
6400000,903,0.09452799554548962,0.10524035296977331,0.3440899515647921,5.761876112919839
6420000,904,-0.17813525054568463,-0.2101672729366521,0.3149769046094482,3.1753264356049526
6420000,906,-0.36017920828742056,-0.3341165616993496,0.5040848133695214,6.840127198008078
6420000,877,-0.15005763333437347,-0.19144973882013808,0.28580977552731235,3.172029446467095
6420000,872,0.08240706649099157,0.10096168383402365,0.3613900841753264,0.9687211900213588
6420000,871,0.07267524980109948,0.1224699870932226,0.44381501994402406,3.2652780103151686
6440000,876,0.0012972634396839987,-0.09790525391692338,0.44609630309749254,3.616785558209021
6440000,900,0.0161051818593619,0.05124112698300968,0.2794709880666872,3.8232178388352813
6460000,906,-0.4180292735343153,-0.23023763970902794,0.5464855570014282,6.311751647419281
6460000,890,-0.028312350169742876,-0.030948663840445048,0.2580819467029294,0.8756063793656615
6460000,898,-0.056555169311500265,-0.01620676746511068,0.24452181740738738,2.8193563009278297
6460000,903,0.06937806478738491,0.07880456401040879,0.31977899976151963,2.1922547369218734
6460000,871,0.0742311072902221,0.12718912054088202,0.44256232201023354,0.2562233651357732
6460000,872,0.09277854079105005,0.13241102192503074,0.43699242437298047,4.126845704918304
6480000,871,0.09841070189246115,0.14452258694200557,0.5189061987385452,4.096794285326988
6480000,872,0.10163660675090588,0.13481426495149154,0.4561300923940424,1.061238953862142
6480000,903,0.10414728937760252,0.11717094638372044,0.4072722101914072,5.083291292644151
6520000,877,-0.1974463961167986,-0.10314729021977921,0.31467363040554364,5.2144365432181585
6520000,898,-0.039134238902196104,0.0033382067944608407,0.2275827855969263,1.5591869947258925
6520000,900,0.04201627433390603,0.06169953914011303,0.2588088851697078,1.7375885547200094
6520000,872,0.06034701589473325,0.12437548677761556,0.46031499548927224,2.1396914595041436
6520000,903,0.07213152030903175,0.09831843263295222,0.37651040228137433,2.411802007663937
6520000,890,0.047057497283567465,0.07076122325907123,0.2526231299949789,6.335478221646457
6520000,871,0.058886534182790294,0.11890506357487027,0.3881542144530101,6.948830608673072
6540000,898,-0.05396407416986208,-0.044874745647899304,0.18419035354285512,3.326903949937003
6540000,877,-0.09167512698734828,-0.09297420000819256,0.23636924194779735,6.599740598964727
6540000,900,-0.04830243349468011,-0.0018997843400637437,0.1937403063166131,6.410199467435292
6540000,890,0.007391549405646109,0.018896997088362805,0.2625617813732481,3.3022954776030953
6540000,910,0.03712448105691788,0.0651445585253585,0.3012251126113025,2.1700990632592667
6540000,903,0.01920362923576353,0.08286533792222485,0.36260224628784643,2.843236093231954
6540000,871,0.06899518819027224,0.1135632825471913,0.42329408354860554,1.847653857224232
6540000,872,0.05166702421895049,0.14824019770666774,0.5540859231412151,4.857430791047047
6540000,912,0.05834865226073333,0.11107974099678602,0.3492311530746873,2.4827079549756625
6560000,898,-0.023581388734785044,-0.04183658535617404,0.19510744166802246,1.621358076843089
6560000,890,-0.031178681940957974,-0.005692692081122517,0.2469311512933783,2.416936157760582
6560000,900,-0.019954742779363023,0.00030278805174488324,0.1912503003314547,1.427097599884602
6560000,910,-0.02588460650670809,0.01854803480088785,0.2652424117366038,4.3116516269997645
6560000,877,-0.032559615918580316,0.004548095819668358,0.2636101766055633,5.8624462371707775
6560000,903,0.005223634298899173,0.04023994728686683,0.2655618145332705,5.345374070251335
6560000,912,-0.00645227948495583,0.06212242521144099,0.36728803346573163,4.159937034821543
6560000,913,0.015259989022936236,0.052031906751415676,0.3066572859009872,4.661779544356804
6560000,871,0.03896324648980831,0.07685051690417181,0.3078077902830585,6.2423610548564215
6580000,906,-0.48291700762609774,-0.22446010691541524,0.6154537296615,4.7435236799284075
6580000,898,-0.1190663074094451,-0.0923283043186525,0.24713817709487598,5.994576883974293
6580000,890,-0.09275854658856993,-0.08461181453338242,0.2223141499622428,5.154198379280266
6580000,877,-0.09906275943835276,-0.07901600168344097,0.24184423405680608,5.449629057228669
6580000,910,-0.09189704728646077,-0.07646423852299337,0.24933646915871474,5.839086707089424
6580000,900,-0.06778154200090224,-0.07040663902510148,0.22162392280940166,4.530392572323651
6580000,914,-0.08052322707562193,-0.06658364883668208,0.24925523070790476,6.244972573983638
6580000,908,-2.074552758891247,-0.4762482904961353,2.2130432898706154,5.476010034780385
6580000,903,-0.05601038698223461,-0.04225899751668688,0.24213127870083526,5.2689352020482225
6580000,913,-0.06996975997090439,-0.04472100990142164,0.2607964105884285,6.842597620571082
6580000,916,0.024682783864929336,-0.008693709854235628,0.14652002170340825,4.677517587762827
6580000,915,-0.051387704684676815,0.006010138655896128,0.22883511906283968,5.421099254868861
6580000,912,-0.08539446177566316,0.023764845739981545,0.3405737177699,4.587163260345426
6580000,871,-0.016438075719653937,0.012770620076734476,0.22899162049342112,5.785224347482259
6580000,917,-0.04291511719515246,0.023119174019507076,0.29331568646543965,5.904146894864113
6580000,918,-0.023148820659558512,0.017596311891484872,0.23985064367473843,6.511558799134182
6580000,872,0.06596159790657784,0.14243661397432134,0.6056605762142623,2.691635776184503
6600000,900,-0.08095843351042319,-0.04639593396728381,0.22230653456088073,1.3698634841020236
6600000,937,0.08473594192557175,0.11468943089905154,0.3566326643732299,4.149106167357125
6620000,906,-0.5236601707217611,-0.20334966243695468,0.6313470901434768,2.4280934457553567
6640000,906,-0.49202622702649423,-0.18955235493981334,0.6465500927474819,1.8856055897664357
6640000,877,-0.10400794686536474,-0.06926464588870263,0.24001572506205177,0.5542726397445394
6640000,915,-0.10022063269942803,0.026910984738649404,0.2304541544838278,2.6571232099599897
6640000,918,-0.07275234525011569,0.027606988711827714,0.2023570560826162,3.149004768468723
6640000,917,-0.06314401687460053,0.04048950995445576,0.25043812622120987,2.524590127739401
6640000,871,-0.04613250135556047,0.034879474751464225,0.22780327205022693,1.8520073845000893
6660000,906,-0.5013166779122176,-0.20973928959242988,0.6618708251399834,1.3495829442569411
6660000,877,-0.0992295774437899,-0.07105105923414935,0.23700997039465446,0.2960517188364746
6660000,916,-0.020887366877960493,-0.0180399265027562,0.18613109642129075,3.0549253856176484
6660000,932,-0.02499274471973984,0.07608836175490792,0.2857275215774638,2.3089126879071142
6660000,935,-0.015767980514627942,0.07868225673234125,0.2798595796730243,2.460110553907829
6680000,922,-0.45262585680857675,-0.20665478859551425,0.6141966821656509,2.9655931369508486
6680000,877,-0.09102725650645166,-0.072386646435001,0.22975500717871253,0.551580350436014
6680000,936,0.036895115161257784,0.04319186713997873,0.31178169783645787,2.8454225629346714
6700000,922,-0.41430621697794,-0.21191011644230717,0.5861116358347896,2.389970237750684
6700000,937,0.03705303181341429,0.12785769626493096,0.333535887665713,2.729708878153127
6720000,877,-0.07919569210738903,-0.0809107340337617,0.22892192950359075,0.7303081608699482
6720000,937,0.04211312488569973,0.16040784074364473,0.3995549306374372,3.689048143623127
6740000,936,0.08305967111020446,0.07395936714036232,0.38924870641559933,4.764174298983458
6740000,937,0.08679579159062531,0.07092455757072323,0.3546364267677961,5.482123370819851
6740000,935,0.03646821687709602,0.14001744079093986,0.36272252086505546,5.778601073020039
6760000,877,-0.061938047654023165,-0.09178291616593229,0.22766070908704553,1.0217892558313937
6760000,871,-0.015898739550133784,0.02321925423606649,0.2004723501535752,2.119563862623545
6760000,935,0.0318313086961625,0.13539898987835336,0.37148224593866996,0.5467261418564368
6760000,937,0.03895232039583704,0.12932334211151056,0.3431124793759457,3.818447700079828
6780000,877,-0.05273893660697263,-0.09789282616566689,0.2274553836889803,0.5522608142443084
6780000,916,-0.012066842814601934,-0.05636048494010768,0.1356849884653887,3.1980762387728032
6780000,871,-0.07510821930010067,0.013649061519364512,0.2272722390034104,3.284655660514537
6780000,932,-0.09690216421476848,0.02331566077712801,0.31347222793719587,4.67057044470746
6780000,936,0.08547660759814035,0.0660091808185844,0.35473838015911485,1.7748307404275927
6780000,937,0.036009285638386436,0.12849099504231673,0.34486977164213056,0.17636844485303396
6800000,877,-0.04397156685336937,-0.1070310095519193,0.23102232448402532,0.6578302110585476
6800000,936,0.11527939797891204,0.08646083755774782,0.4170006202950218,3.599674681342095
6800000,935,0.03673303335233027,0.1291291412071128,0.3614548928240123,0.6400892856687559
6820000,916,-0.012773375306790662,-0.07964988873352541,0.14298515413326335,1.220848000360604
6820000,940,0.03491512510277304,0.020994104633980576,0.15578996360913766,3.3157754272223157
6820000,937,0.03670547639607185,0.12372128563874903,0.3523771151418976,0.44608019399280524
6840000,936,0.08890172690631656,0.051151136694164906,0.35798425926889604,3.6828953878218424
6840000,943,0.051030556307641424,0.19271465291356768,1.032989128663701,6.628787154033823
6840000,937,0.09911219286165535,0.06882267102503745,0.3622142360645264,4.184861137053109
6840000,935,0.11789592410209557,0.08893308919244314,0.4019189409306571,4.959958825837477
6840000,941,0.10752675022405075,0.28169499300346124,0.654375543158683,5.622155716061497
6860000,877,-0.08926754789208542,-0.09752890309436209,0.23367801951904932,2.317902414635658
6860000,916,-0.0634798701646942,-0.14981609405282986,0.21555874826161206,5.648312038651829
6860000,947,0.029413299359557502,0.09334101322268155,0.2948547283276955,3.2458165148957683
6880000,916,-0.046605479191494346,-0.1571463143447354,0.21549329437695053,0.9198933150850828
6880000,877,0.0022877784494948522,-0.13733384862126963,0.24672664523214788,5.0341528837814105
6880000,946,-0.16303258298227574,-0.15997093247821625,0.2919051883312216,2.436601183649528
6880000,932,-0.1273027047999178,-0.101125521547503,0.33618969413402344,6.504975787161965
6880000,871,-0.0036025069530712826,0.002994731588878024,0.22662987359346723,3.6148977433129637
6880000,944,0.09505493849614373,-0.010497239747258448,0.10212941652915333,2.7520952970140273
6880000,942,0.09562650580397697,-0.009562962576221249,0.10018498548250897,2.9809237488293556
6880000,940,0.054952066365703024,0.015098113541076073,0.1369743160299184,1.4055873505114282
6880000,941,0.07655826107073326,0.17227147083013197,0.7335491972812456,6.928387624905126
6880000,947,0.03733929523147259,0.10937586702479482,0.35387780526171453,3.083691601707234
6900000,916,-0.03494518118056345,-0.17961138068377935,0.22653450437019784,1.3807154607633225
6900000,945,-0.26570846093305006,-0.43546907120370054,0.5532153409258375,6.960996697157342
6900000,877,0.022475586177517153,-0.1349470859732761,0.23812612555473406,1.1036452730871413
6900000,946,-0.14154789696485093,-0.20198889196845843,0.3116737994243849,2.558270234720963
6900000,952,-0.13767533511595662,-0.17481072326143282,0.3135442045118396,2.261969788026631
6900000,932,-0.1436081452759138,-0.15874507280228606,0.3267435827292568,3.031133903587106
6900000,871,-0.09511938735479811,-0.08152836529831332,0.2129653531930537,6.266221433934255
6900000,950,0.422694229082075,-0.051772022296225205,0.4555034853814843,3.498582681391274
6900000,937,0.11396636145708551,0.06310789569802519,0.37455322011350617,1.0069204400803828
6900000,947,0.06150238189330406,0.1539033977133927,0.3718011881816053,2.686914308991001
6920000,945,-0.22363471326357245,-0.46191468668720115,0.568693893528335,2.602477863462205
6920000,877,0.04827447608003969,-0.16677490815705304,0.29824687797142424,3.6376839665897176
6920000,952,-0.115652101724016,-0.1871949624536584,0.3135301664856386,1.2633214025657964
6920000,871,-0.08761843861827966,-0.08469787714146848,0.2233964440655559,0.6616602112530588
6920000,955,-0.05489239760568581,-0.06469195220080394,0.1904556132058906,0.602041012983106
6920000,941,0.08620057598251372,0.17635764143699778,0.8709295066377494,6.888944118291105
6920000,936,0.10979841094496331,0.06263867143914036,0.3422648184378519,1.4280543392749012
6920000,947,0.05738111467821624,0.15557157199539043,0.39795948475116677,1.3266726501989934
6920000,948,0.08483076960120946,0.08948271069151303,0.23659050549479985,5.146930895840037
6920000,949,0.10433541561702467,0.24292179377766665,0.5988088111418032,5.577268644196263
6940000,955,-0.015460364130895672,-0.06897716131729648,0.15560498392891656,2.6399879934055197
6940000,952,-0.08704477444085962,-0.2152664342377856,0.2940446313945698,2.228268823659942
6940000,944,0.02258795804372703,-0.05961060619971407,0.1030034068983029,4.377313639479556
6940000,871,-0.04974416450905389,-0.11143069050643352,0.17365017546980102,3.399924700970527
6940000,916,-0.06795669185224683,-0.14056715883088783,0.2660249256288949,3.2302107006021417
6940000,940,-0.0016066832740005395,-0.05915452724062426,0.1274491052991867,4.691235568410454
6940000,877,0.038175399898142434,-0.06548898677367364,0.2243678684037912,6.288667836851914
6940000,948,0.06694999623644027,0.0357726255256933,0.20987962558379103,3.129683055143996
6940000,949,0.21962210369656807,0.1541321661639061,0.5958516827438941,7.277252748891907
6940000,947,0.11016718428714084,0.15489316162435782,0.3697833548451651,2.991957420264215
6960000,955,-0.008198201823194827,-0.07628692774201346,0.1699954104613231,0.8849520641705697
6960000,940,0.008866591274928835,-0.11757602728957627,0.13574197418054346,2.9964699322829547
6960000,944,0.015271685650699423,-0.10959700179835119,0.12826030508772177,2.8240389926588727
6960000,945,-0.13442819857268729,-0.5028061442712896,0.602831872883395,5.195025313002073
6960000,871,0.012704790558092453,-0.08602363004527348,0.1161282999524366,4.431184061086459
6960000,964,-0.04361388470445963,-0.13885531597222156,0.18087498703337332,3.139375505141654
6960000,877,0.03797420177627046,-0.07867881996687831,0.13304214995779312,4.613675061712333
6960000,946,-0.10787314703577734,-0.2513486314017193,0.37564737210123406,4.3769254793591
6960000,952,-0.08180263489000811,-0.21743520090794596,0.3336067784882237,1.9983412237403952
6960000,916,-0.05724041570374012,-0.15976730023559757,0.27847611206084005,1.263443754204118
6960000,948,-0.018620429083212545,-0.05220328706564596,0.2211116691523819,6.1620243606285685
6960000,949,0.09552322656135126,0.08760387951488009,0.5757087390556205,7.112011391144134
6960000,936,0.04730435920163192,0.08185096493313933,0.3070980245423407,3.711913966367991
6960000,965,0.12288808903061967,0.31440541644277675,0.7777752102675725,1.5266055833200092
6960000,947,0.12401390304223435,0.15215993691402166,0.3775577421616602,0.8056724454558601
6980000,964,-0.03451618203194757,-0.18017943507504358,0.20271499323934844,2.380880553817581
6980000,945,-0.10979480589906736,-0.56906104268329,0.6745793614183402,5.035925364138488
6980000,871,0.021028542390633502,-0.09086906975582115,0.11788030515224389,0.48947076720278837
6980000,940,-0.023775384776583055,-0.1292016893495294,0.1686408137793964,2.3890313234817393
6980000,916,-0.054024001139124735,-0.1338582092560401,0.22416066339303134,3.013218496070198
6980000,948,-0.01338656038881813,-0.07749421947354342,0.2190870989644922,1.2953025978672814
6980000,955,-0.01941494677167788,-0.05209824289345249,0.28158783524868874,5.73667523742328
6980000,947,0.05048883422512288,0.14128404304837636,0.3847914415920051,3.7338141421963984
6980000,937,0.11530226881401999,0.13068562347220808,0.33667112632548546,3.8741408626146647
7000000,877,0.011849973631721194,-0.07148040721961037,0.1642015386201459,2.0647033346464374
7000000,959,0.03310594641100129,-0.2717831845723151,0.3153975182553543,3.2637365695167353
7000000,964,0.05919201443373073,-0.1934125904009062,0.22593923242837977,4.87229611442026
7000000,940,-0.011677654003365769,-0.1589217064680626,0.18995369902284273,1.9260539872933642
7000000,944,0.03461240465536576,-0.10461737923712816,0.12565582315050491,1.0070295162394594
7000000,916,-0.021831912317259967,-0.15974017226468099,0.20049037814887363,2.3803828449617486
7000000,871,0.028059581475182064,-0.08801474002230068,0.1150752657681034,0.40450882185277426
7000000,952,-0.07948139389608135,-0.1886348102036555,0.2666477602998741,3.6463546115330714
7000000,942,0.05608815300569054,-0.0801131691797198,0.1341983513259427,4.386776165305611
7000000,948,-0.020525213280020334,-0.17005033315062892,0.283230269287193,5.641795113958334
7000000,955,0.01964195488265787,-0.038296738220301295,0.22499012005683533,3.506859158498393
7000000,936,0.014379104946309285,-0.02381347262092786,0.21384716125621875,7.236153887771115
7000000,950,0.41637073673146074,-0.04906286128352784,0.45647570325016584,0.3473878109734854
7000000,965,0.11393846712179129,0.2603401405034911,0.6531501789175385,6.8070823841237305
7000000,937,0.11843683660400361,0.15641270413786157,0.38934692655041275,2.935322863052502
7020000,948,0.04311040979388322,-0.15099628719572622,0.336934285280204,4.2710275476262884
7020000,944,0.029752802101236427,-0.14066881002891024,0.15571659373922705,2.3595398531845864
7020000,871,0.04752444221063515,-0.11349359649003117,0.12668546546818626,1.7050290814452396
7020000,942,0.044230960117268195,-0.11647192498369423,0.1320655988248328,1.9151375799386368
7020000,877,0.04248018146758697,-0.10092257149614242,0.11860632738730581,3.1160768430519883
7020000,940,0.003156341118277512,-0.1485262546773617,0.17507477543501637,1.1720656939076615
7020000,964,0.07959518017341705,-0.20183723402595272,0.24774096548481425,1.5512731518612175
7020000,916,0.08428121562729096,-0.17983638918633701,0.22221540136255755,5.508137273701063
7020000,969,-0.06391471784565034,-0.8294240206889955,1.029461705782651,3.9402624967284887
7020000,955,-0.013258300779878263,-0.13618083728169905,0.19022823810185152,5.447961111455825
7020000,936,0.03980025727541464,-0.08372348236005754,0.11726558333161789,5.823110304443825
7020000,952,-0.09442325437451322,-0.1737608522770945,0.3103105838522569,2.4243225752385693
7020000,959,-0.01660789277668297,-0.18000744446429737,0.3304685670463338,5.272899769295219
7020000,947,0.048752815368466255,0.06882522010364094,0.27496476089242594,6.579360640954124
7020000,937,0.06410015898631323,0.13915835526204487,0.3614593178782291,3.1732892269339654
7040000,936,0.026495021397657893,-0.06120845630253262,0.14132143140130948,1.7766819682246568
7040000,916,0.09941261806942381,-0.18728741790234094,0.23069410960893097,0.9438824904611003
7040000,940,0.012470012335291353,-0.15605160934563683,0.21185030298131535,1.9337882903323191
7040000,972,0.1509210592315258,-1.0744569863736584,1.9104260473141699,5.80065016106488
7040000,971,0.01731879114478642,-0.0640266839266496,0.15447608192242895,2.3269779959884866
7040000,959,-0.017471747944454077,-0.10780891576258933,0.2961550919267166,3.9971203281946726
7040000,937,0.044537216385901114,0.1368281274214085,0.4222319053227821,3.194309811869434
7040000,947,0.05880156709173929,0.14562888238685429,0.378763197840076,6.475703719304404
7040000,976,0.10872523307421994,0.127984313518575,0.330353576525231,4.9509494287178315
7060000,940,0.03289694728616519,-0.1897588840379253,0.2160067364370274,1.9816129653267205
7060000,955,0.027915460930703427,-0.17245951060428258,0.21517783725329892,3.01409326716361
7060000,942,0.08141522789371483,-0.1283881472392541,0.1632214618094213,2.4976758803079515
7060000,916,0.11608801091810785,-0.17260216038354714,0.22801966466532878,1.1190153828339355
7060000,977,0.013996133299796864,-0.37834348657813355,0.5138831570855071,7.132700369511218
7060000,944,0.024810917787819273,-0.11291129817862668,0.16793387977712124,1.5363623944382028
7060000,948,0.040232010802160385,-0.1359046368582495,0.2723518212717367,3.319238522639339
7060000,946,-0.008438479054430398,-0.20607784835711093,0.42858564016300793,6.070246539353432
7060000,959,0.042134375840093004,-0.12616003504700452,0.26624516905440326,3.458416204651096
7060000,973,0.07242971741199841,-0.04378609586948034,0.10790488153178332,1.3074910187986237
7060000,937,0.061625182942355444,0.15669939891326992,0.4277151982512583,1.3387797924577092
7060000,947,0.06395469829324395,0.16158216629299757,0.4120121772801811,1.8618248188124877
7060000,949,0.10234328463522252,0.2070760852560375,0.518409935160638,6.633866531779199
7060000,976,0.10954480945590886,0.13923856463475998,0.3541820353217605,1.3182614708864449
7060000,978,0.08826718730554087,0.09574699870920444,0.2481242146301092,0.9050404903665125
7080000,959,0.06768243019128449,-0.10091193539207101,0.2317076409525598,2.4914907508871647
7080000,916,0.14493821518992714,-0.21434215035448562,0.2404759456805847,2.612336112577576
7080000,964,0.1441155876663991,-0.20435318352214463,0.23051623665847737,3.341371076395393
7080000,970,0.14279056403222873,-0.204448126187158,0.2437009258750638,3.468369032081152
7080000,942,0.1348799303845197,-0.18184354116020024,0.21071804715202827,4.46426902495844
7080000,940,0.047429453121513046,-0.17734676542023634,0.21672801697359204,0.9562618104452714
7080000,871,0.0787850433306709,-0.10544818725620499,0.12920787167271788,1.6188856701342256
7080000,877,0.07672989619633915,-0.1074449717071196,0.1349442260073545,1.925169859279986
7080000,948,0.12993927979400266,-0.17132487798815882,0.23745223942050164,5.1283448609338675
7080000,955,0.13011234693264026,-0.17468648748198554,0.24590229187674714,5.3369361637588995
7080000,944,0.09977490812372279,-0.13186400355098218,0.19275817006357357,4.06049574443774
7080000,973,0.08334200387817677,-0.06953302060653055,0.10979225078935638,1.4013781538629206
7080000,936,0.10706972605747114,-0.006130805365585448,0.10959849911061771,5.131319298403712
7080000,978,0.07078037720388475,0.03291477405839165,0.3157711783321003,4.698347762831123
7080000,976,0.07800950930423109,0.04347169027020071,0.29114497075812795,5.945469050044173
7080000,947,0.06137864314794753,0.14623225424401085,0.3920855991816507,1.2642432269346617
7100000,916,0.16579989370717316,-0.3109138080479634,0.34243840919111074,7.098879958373456
7100000,970,0.1598965751617963,-0.2670206538633234,0.29279871140262925,4.067717228452646
7100000,964,0.1570475991628106,-0.2464990146482521,0.2688423034078345,2.9207855942921706
7100000,942,0.1519288791151381,-0.1767644256617969,0.21709499645837677,0.9448935780302385
7100000,948,0.16047904765818746,-0.18194606860521326,0.2347065344921843,1.6225181099724946
7100000,955,0.16160710990814756,-0.1812425717519223,0.24218508260589103,1.61919731703801
7100000,944,0.1084528213006075,-0.12313299261547025,0.16814783524331908,1.37586818865999
7100000,979,0.19945652924301666,-0.46410319898511626,0.688385885898677,5.9960276897831
7100000,982,0.14124179132372885,-0.14943851323397386,0.22850472054281531,1.4863870598668325
7100000,983,0.0883871258268939,-0.16437061615451,0.3364631194898662,3.3079382949355876
7100000,973,0.09786494717376233,-0.06306547105683608,0.14091993652779647,1.7476254594274723
7100000,959,0.0954033211589512,-0.06251227958019956,0.23340793025856527,2.3695317819326536
7100000,947,0.06844924182460267,0.14645874837389583,0.39855722672674704,0.47939187602534367
7120000,979,0.30373538925143145,-0.3714611450980529,0.732756371835081,7.3187039179250775
7120000,871,0.0974048381499455,-0.10624589551577027,0.11990954331211184,1.0413837043579495
7120000,877,0.03782905098386187,-0.08260778457663584,0.10039861394690289,2.882516667528136
7120000,981,0.21895239873419461,-0.5292017573808615,0.6830205589052396,6.323632842252966
7120000,970,0.18904339926730465,-0.2521357286823568,0.340889777679842,2.9085430239037584
7120000,916,0.10774816195761283,-0.2812242635179073,0.39985536781776565,4.344013050009202
7120000,940,0.06839927218278742,-0.14907621662049977,0.2213937964893479,1.7753357002201862
7120000,959,0.07166211482474186,-0.11323241908983457,0.21812317764771663,2.9024993938221524
7120000,944,0.09340251626746805,-0.09094587121199497,0.20607704867084448,2.598628338693017
7120000,978,0.083377393293374,0.032959937058693885,0.32580766230570374,0.8053227064473075
7120000,976,0.0869438590324616,0.032106308799820966,0.2979414420565952,0.7987279310636265
7120000,949,0.09115460622006975,0.20485366552232773,0.5466577927166999,1.5232097119717696
7140000,944,0.10356367199103322,-0.10247730296381359,0.2298361663099572,1.4148486446212096
7140000,940,0.09733687896937841,-0.18790432400900248,0.2128990995595021,2.4582345727362895
7140000,942,0.09944138569014661,-0.17445526308609866,0.1967468938964274,2.8170527487567307
7140000,964,0.21410306944221408,-0.22376415855684167,0.2663372558500744,3.0734653217368804
7140000,871,0.09932794386921816,-0.09509118776202626,0.1271049217467928,0.6706327450572478
7140000,959,0.08473503609007005,-0.1484071816315076,0.19914267809201558,2.102632013487216
7140000,955,0.18595431416522834,-0.1801260115746096,0.24995297786719411,1.2790360223192976
7140000,948,0.1876270082736478,-0.18167766352651082,0.2568206894373547,1.7507995714843152
7140000,970,0.13225139223961016,-0.22625817754663818,0.32385123426772744,3.2346915141253985
7140000,982,0.09264379728606048,-0.14968444026706512,0.22516397263271248,2.4356652588100607
7140000,916,0.1333598771301355,-0.2651980814657972,0.41880110355819034,1.7830727466874485
7140000,983,0.08537050482493888,-0.13902554346000665,0.23053952204406428,5.447770463230666
7140000,973,0.11223409022722977,-0.060192892614825806,0.13720193388339302,0.7558894142999767
7140000,971,0.09012085003995475,-0.061063932887267684,0.18035718423638825,3.866118573609243
7140000,936,0.1429140771425386,-0.07000490110740967,0.21845321888474653,6.56011959278362
7140000,976,0.09520999329288593,0.02981885524521508,0.29331064628099274,0.4873543087199942
7140000,984,0.08257974327486015,0.03945193992101758,0.41735099484262145,3.2439113048911548
7140000,978,0.09134868413696443,0.03147715650066804,0.3312321547959585,0.4877633511068624
7140000,947,0.060128719713490264,0.13666945927454413,0.3828658550796483,1.0140024820477143
7160000,944,0.1167473989566524,-0.1060049503597329,0.2315557334744125,0.6877715174514776
7160000,940,0.1257103425256658,-0.18605061354079794,0.208286067803313,1.4402862030370112
7160000,982,0.10882844400591316,-0.17297064096561712,0.23036188730642984,1.441534121496026
7160000,942,0.10828420948896629,-0.1738548648973933,0.23807819137820022,2.1135468780280053
7160000,916,0.16185110117087165,-0.2746752827015111,0.41481477119206034,1.514478488073447
7160000,995,0.7168635145442331,-0.32544204421776607,0.8211273297431899,2.3139015892853965
7160000,964,0.2683821741530099,-0.16722259437535061,0.32197888553234527,4.80602763256574
7160000,993,0.15586144227651139,-0.08322884608444257,0.2883658913460562,3.549672166815504
7160000,978,0.09706456509174399,0.034155455409796615,0.317654470208842,0.7486623051868447
7160000,976,0.06023539720519691,0.09172759054134366,0.3105195982499709,3.6578893864268593
7180000,971,0.10607114898082479,-0.08358695998002577,0.19280672839196486,1.5138443904558738
7180000,940,0.14629693504959573,-0.17422791777149776,0.19184007457077412,1.444000190793331
7180000,959,0.10664183140973581,-0.147555184304794,0.17824929670071177,1.5142382297585617
7180000,982,0.12296456960351394,-0.182768414400213,0.22935000556733973,0.8614672307185003
7180000,871,0.12384203804066826,-0.10587756572342413,0.13403558597628792,1.383221664480116
7180000,973,0.11183551374970792,-0.09190280549049928,0.11916282308620822,1.824203220685915
7180000,955,0.21397797251544634,-0.16461237854298444,0.24151690847898308,1.6561744351761276
7180000,877,0.11515856179411083,-0.07491914884648208,0.1253719948331507,4.0812492310667015
7180000,983,0.10777566968107499,-0.12934224936981248,0.21870358058079578,1.356325096528985
7180000,944,0.09001794736866647,-0.10685590711743309,0.18997827597207131,2.4717770338144103
7180000,942,0.11329152042595765,-0.12102244749093609,0.22552179597675678,2.726719896371474
7180000,994,0.8340378107231506,-0.3380591763414274,0.9301035756200734,2.864816908508741
7180000,993,0.1292196873529561,-0.12508335140438168,0.2780975092288576,2.5332895572202148
7180000,995,0.6797005644801877,-0.2688800900909309,0.7276249408441887,5.771272875616133
7180000,936,0.09382169930754203,-0.02809441845415921,0.17262702171104977,3.9580899639614695
7180000,978,0.10399314238011122,0.03302155071695423,0.3409308425935078,1.2156072911131295
7180000,976,0.08081638261699535,0.047670119266002814,0.25146490669715854,3.8249491271440297
7180000,947,0.05792985292658379,0.1279233948863641,0.3677494200454106,0.8801069048318514
7200000,942,0.14075060997813463,-0.10394502025062224,0.23460146034983206,1.6793454270268375
7200000,940,0.16101224324134977,-0.18118954309792298,0.20422805546688735,1.022822801180995
7200000,871,0.15981547909841445,-0.10955470772139671,0.1742547325317614,2.7042510906252066
7200000,970,0.1890316679842157,-0.20198755641523805,0.3208042970411973,3.0912564557958553
7200000,916,0.22861705411163766,-0.2710824236899459,0.441074228658782,3.5917127580070107
7200000,993,0.12223250575678976,-0.1268694447596191,0.25599995493322614,1.1622314119612867
7200000,995,0.5932610705147113,-0.19920388865808997,0.6585604602158334,6.537671918883264
7200000,955,0.21829607299705095,-0.08195462387984163,0.25229872141759174,4.173487117496797
7200000,994,0.7614356238187461,-0.2641250547599565,0.8951188477189324,5.468377973321405
7200000,936,0.1163510824576033,-0.03684209673210605,0.1454208588522447,1.819526228085591
7200000,877,0.1723004438388485,-0.0019808863130069236,0.17379301796641872,5.2272794803533635
7200000,978,0.10667570870185772,0.03517110414442916,0.29342188561156823,2.381657897096014
7200000,976,0.10620868556250758,0.04122360798652388,0.30086932181101544,2.7960341509428184
7200000,947,0.09231496128938846,0.06005965713888307,0.29837642633026495,5.147920656726932
7200000,984,0.09796860053622797,0.07950629614531125,0.3705269345272225,3.1755554651011386
7220000,942,0.15023374054793306,-0.10151511366499695,0.2377254120268498,0.5137929677872516
7220000,948,0.20691703751997478,-0.22538973041045404,0.252800359321348,2.3974012356258525
7220000,982,0.15253978297872703,-0.18497483822511554,0.23286796581757135,1.4932662158894259
7220000,970,0.21937185993434472,-0.2087076823352174,0.3445543697407006,1.9556030356278495
7220000,871,0.16807380756437257,-0.10535335691986272,0.17809659918815327,0.5015258642749642
7220000,971,0.16961147045681005,-0.10810784933966006,0.18446558376824615,3.430823939629069
7220000,916,0.3071087672449156,-0.21239576507333288,0.420695923920857,5.0050844733559225
7220000,944,0.1285326503653506,-0.08847098501646368,0.1854303020111971,2.1459681816899647
7220000,936,0.14191847202597274,-0.06911105845153567,0.15915123814613216,2.169965791979677
7220000,993,0.15391724678623944,-0.11301352049002426,0.2725322807280857,1.9165250113521988
7220000,877,0.16706057153556333,-0.046758705733120555,0.18754886901462584,2.3567630406107343
7220000,955,0.1737834214192315,-0.05828125687042849,0.2064687636388916,3.4066807474608476
7220000,983,0.17828027575652625,-0.059508237176616456,0.22553073518028077,4.973504493005731
7220000,978,0.11282061391420488,0.021223358587356578,0.2758586202641265,1.1627206842769857
7220000,984,0.10814625767221783,0.051836254969101485,0.47290131072996616,5.326755294354105
7220000,976,0.11326497009273953,0.03381309461594272,0.32991925441693126,1.5399719512018748
7220000,947,0.09729590611421224,0.05620655632210884,0.2606942410652054,1.9102377362532896
7220000,1005,0.06253446713989776,0.14341943374550395,0.4192910422110265,2.893856485200749
7220000,1004,0.09265895166960808,0.11319911983302,0.29134607515592154,2.092840905964926
7240000,990,0.4491387558327085,-0.3780894286908463,0.5442106890664931,4.786373903467422
7240000,916,0.36208234619743984,-0.3487872155862798,0.42821772328760505,7.362285586281727
7240000,982,0.15860528400656299,-0.17082794270324123,0.22336316125095487,0.904525103956601
7240000,940,0.15419861004338542,-0.14848323740797273,0.19400709458608453,1.7468515038260808
7240000,971,0.1556528591241725,-0.1476574714014678,0.20055139078041803,2.2459789751911656
7240000,871,0.15364330378276658,-0.13846345030784907,0.1873708744641768,1.8644904836493423
7240000,970,0.21867249924679882,-0.190650226551874,0.3283332621082383,1.2141716801616356
7240000,964,0.29332295997031893,-0.20222853064526647,0.4008213985967198,4.489877570052539
7240000,991,0.9594898171070798,-0.5545315855715176,1.1820564444074955,2.8319619910350267
7240000,877,0.11224012789349751,-0.03442722756231319,0.2048712927935006,2.939988418584732
7240000,944,0.13508864967264583,-0.08325104313394703,0.19017531939119595,0.48151871747263914
7240000,983,0.22625967263522317,-0.10254615652747648,0.24114084849743134,3.315856097853511
7240000,936,0.128908814096066,-0.04533550052551877,0.15811755310929634,1.3560944462886322
7240000,973,0.1153985840053107,-0.028474216449418964,0.15445958442391514,3.6337799666186643
7240000,955,0.13923824784565192,-0.01400740101785594,0.1475006566035049,4.071480374697862
7240000,976,0.10948338523606287,0.07073915838554808,0.33089398057179426,1.8565994860377004
7240000,947,0.11352394129230042,0.05477919587507023,0.24514839966031754,1.125899272329638
7240000,1004,0.10073866220561255,0.06817355019811387,0.2852385155727699,2.3075343590915116
7260000,971,0.1768170598791858,-0.16460609722448116,0.19622668580496813,1.3728459345568444
7260000,990,0.45496319302895954,-0.35288363878512063,0.525198626802426,1.6052370735793322
7260000,982,0.18556249847861384,-0.1738598836904461,0.24439587180105693,1.7162888679695028
7260000,940,0.1789308616524209,-0.15361918365239965,0.2176007350746518,1.7282376030092343
7260000,944,0.14839219694271102,-0.07806636878789408,0.1742661664452996,1.0688385817060977
7260000,936,0.14741908460948877,-0.07540051882937696,0.16699309462895562,1.8202408338998797
7260000,871,0.16111622233499842,-0.07746126972980283,0.18095244442219957,3.089622465273309
7260000,973,0.1579940517804911,-0.06901090375060064,0.1652765143901849,2.9893991311948467
7260000,955,0.1597525012481785,-0.07093750151889543,0.17410541413767192,3.305179291344626
7260000,983,0.2828937907854689,-0.08454018785961198,0.28936763000212,3.8267024644676417
7260000,1015,0.3648222575630775,-0.12054894962943662,0.43958797211356176,3.498383402105893
7260000,942,0.23174615286200734,-0.053343384632671416,0.24287182994747522,4.741116550095867
7260000,978,0.10751700096929917,0.020290036470742095,0.3063996883244062,1.5506097499897997
7260000,984,0.11529089563915447,0.043469608656355366,0.4197666436956854,2.7130883984147403
7260000,947,0.11090964992983257,0.017795356253929428,0.247198816142743,1.8566388449302276
7260000,1004,0.1087730748633966,0.024191339435552846,0.2844815143782594,2.23582182939875
7260000,976,0.11839347012423775,0.03290129530800045,0.28667040451873366,2.9439846186378755
7260000,877,0.11890797669387473,0.031232832138491883,0.26459877020995126,4.450582884878846
7260000,1018,0.09373078522985676,0.03255509229448218,0.2531263923947062,6.055662980634337
7260000,1017,0.09883273720528912,0.02881793225544657,0.21192585405366912,5.088091922177044
7260000,1005,0.0983082119147207,0.07084459493690957,0.2993263069505837,7.235054552215855
7260000,1019,0.10332891687879055,0.056712265825769145,0.24318306241119067,6.239478778730354
7260000,1020,0.048827397578313655,0.09718111193724809,0.18148975509002685,2.6352830891521903
7260000,1021,0.04738252482747527,0.08476832758034368,0.14965667457338405,1.48068866492747
7260000,1022,0.04030255529160139,0.09621918209932515,0.1632944114426359,2.0883843597898086
7280000,959,0.1174129565666961,-0.11611096254256523,0.14932572722954054,2.2030258114311736
7280000,948,0.23606128875391058,-0.1919897600409446,0.2533587868028904,2.216561098821223
7280000,936,0.13958535414151013,-0.09859024420021219,0.15403841310063912,1.3846971413632303
7280000,982,0.2354567786239929,-0.14969594002406522,0.27606998780378195,3.1924070030666813
7280000,1012,0.45583067727193544,-0.27375502470436214,0.5595644383641329,3.295991547567488
7280000,944,0.09353930071645339,-0.060953661376153094,0.1328293740039717,3.542136624692126
7280000,991,0.916690090457737,-0.5027844132362231,1.121313724039769,4.5274895150703935
7280000,973,0.09759305500288021,-0.05262866903508844,0.11575535924231138,3.990301628067374
7280000,1015,0.3772971164274703,-0.20758009546200115,0.4801124617286984,4.840525980506394
7280000,1016,0.3045560677227604,-0.14494117942920948,0.3416471301519878,2.8887373067365028
7280000,871,0.17114512197456683,-0.07611704887268363,0.1859488391111672,0.5642466605598863
7280000,983,0.33996117763347766,-0.09732133960094974,0.38594145638240407,5.64503065164943
7280000,942,0.2127918101277187,-0.0611206380442309,0.28092868873389726,2.1610629790719673
7280000,993,0.2027361237325202,-0.05761905380809537,0.25987048466053314,3.7457144728768776
7280000,955,0.19876620374700593,-0.049769426142553676,0.23600868986817114,3.8085994617351515
7280000,947,0.18993664886460274,-0.0432463924120163,0.20773015526963617,5.368690909325327
7280000,964,0.28777095035669714,-0.06913668520996484,0.3654200634986227,6.891574322832869
7280000,970,0.2644361341263432,-0.05729623502634088,0.3130090408717048,7.090914801646971
7280000,877,0.15992023421583396,-0.008699587974452876,0.26695229211313093,2.8644993054951864
7280000,984,0.10721430547597181,0.035349108758935086,0.3817270444096935,1.9863187943321532
7280000,1018,0.11288583174045505,0.023278796760403946,0.2605191729250394,1.1265197175686912
7280000,1017,0.09886351373447656,0.02182822076786149,0.2062278616656492,0.45089946531450004
7280000,1025,0.07994100144577317,0.03862613941412056,0.3551016812523881,2.890218625155774
7280000,1024,0.08510163232867128,0.037607051872915374,0.26129187837405793,1.5105985660495151
7280000,1005,0.07844534144040172,0.043006654498706616,0.304800654952374,1.731656026297669
7280000,1019,0.08715916638548991,0.03526660799748075,0.24784282828248771,1.3629843072087515
7280000,1004,0.10692577312989998,0.032558139213802004,0.2526434417539328,1.648543850384171
7280000,976,0.09616693964774788,0.049530640779372304,0.28313640593433265,1.3991452156791275
7280000,978,0.09992618781421381,0.05122043897017167,0.2589784279839171,2.8561714651840235
7280000,1020,0.06279239035837013,0.1025203021474486,0.18639922680173399,0.7868146032194989
7280000,1022,0.04813690671305508,0.09936997870167241,0.161539081333834,0.43123591343678414
7280000,1026,0.05311509456490524,0.09680481096445595,0.1695779138979808,0.9444934893066388
7280000,1021,0.05558872621349529,0.08984032371480827,0.15345507173982847,0.5183982711438996
7280000,1031,0.04859336052536376,0.10449145400263796,0.14186184084607942,0.3809211901073654
7280000,1032,0.04793301547844262,0.10447995332411819,0.1374974233360348,0.5118717574175036
7300000,990,0.4607850169427332,-0.3012190393158578,0.4962383604915835,2.9756602195131676
7300000,1016,0.28679344335363727,-0.18813243535704638,0.40131515930762546,3.788558141437353
7300000,983,0.354949424021982,-0.16407323073845578,0.3876117259569903,3.421714592381924
7300000,994,0.7776243217006572,-0.3325396663675133,0.8304100620416687,4.777515035128274
7300000,964,0.34356841904528923,-0.07746517626456748,0.38704976947581327,3.0209954716784675
7300000,955,0.1789957402902229,-0.03906467673028119,0.22887814042256288,1.1793087177153891
7300000,947,0.16890442529924557,-0.03485120790067143,0.1860426161562492,1.5677873770679012
7300000,942,0.2361894496450672,-0.045271703758290906,0.2728800121243817,1.46919999331983
7300000,871,0.1701305407334844,-0.032386180050783545,0.19124722006402525,2.2031177361494994
7300000,970,0.25155796212887604,-0.043391074882334395,0.31062304815750835,0.955109619178621
7300000,984,0.19926216428237972,-0.039028251256175595,0.42709938450585144,6.337083169618182
7300000,1025,0.11786237112739956,0.018297262214042914,0.3396301006289853,2.286188604278343
7300000,1018,0.11911086978579166,0.013491767220671554,0.2808484256641033,1.1702730053348869
7300000,1004,0.11931709928075733,0.017701158775258175,0.2542585961808599,0.970674450254844
7300000,1005,0.11710332528754545,0.030253672497688677,0.35199834329061896,3.1163680982509177
7300000,976,0.1164527052903879,0.03506785740419772,0.3807236938375689,5.035862178161366
7300000,1019,0.10085322218813163,0.02515100017162291,0.23639754440198796,1.0257280452410973
7300000,978,0.11996470518460833,0.042736496100921055,0.3031289838235862,2.4610927684486263
7300000,1024,0.12091220675648645,0.03239233102250062,0.2469364538831921,1.9465795428846406
7300000,877,0.12660454585341618,0.041610783687498,0.2735975568956689,3.035303992953345
7300000,1017,0.1115428715187869,0.052481462234066745,0.29801459205042563,4.87985430134335
7300000,1020,0.0999000071424386,0.11863038794870388,0.31300455671392174,6.645566125261825
7300000,1026,0.06086367545419948,0.10651900491060518,0.19862723077806807,1.5797696675631716
7300000,1022,0.06171285712968085,0.0986678469608195,0.17502828698944048,0.9575464582925477
7300000,1021,0.05430843747113218,0.09150174352527247,0.15342475578697795,0.10488534344013299
7300000,1031,0.060924610638983474,0.08838522624160892,0.1511962908385869,1.1164701728185704
7300000,1028,0.0497306425162397,0.09274744289355281,0.15156264146907708,0.7592713379247366
7300000,1032,0.039978074059385416,0.08860792044070002,0.13836592815736098,0.8887587150875179
7300000,1030,0.052457474034457094,0.09121227160180385,0.14607742064010526,1.0166686899979773
7300000,1027,0.04496564134648653,0.09842687762346401,0.14504319011150799,0.6350393554602904
7300000,1029,0.055475810068915866,0.10944815883648747,0.16329216586622236,1.5761979772264498
7300000,973,0.05451885399240547,0.08780929144636698,0.12774668948820725,7.3691925503999
7320000,1015,0.339392102933921,-0.23869196366948367,0.4874750014881502,2.479387718276139
7320000,964,0.3621446902139115,-0.07734937784638127,0.4008757214407165,1.1578516825781833
7320000,942,0.23569687189069347,-0.04865891410885607,0.27917600081086114,0.3583130626399105
7320000,970,0.23331369813943068,-0.044408291126705045,0.28853563431850643,1.433301911234788
7320000,1025,0.1291205236463765,0.015678156503722125,0.34816843486354426,0.7185208145270102
7320000,978,0.09884388718386496,0.02693727808483057,0.3119458382627133,1.3905405110434925
7320000,1005,0.12889382404916028,0.021560575183474314,0.32865336578854537,1.3780183022499775
7320000,1019,0.10767925259735962,0.018362604426918797,0.20687774465927583,1.5524944321834533
7320000,976,0.128638101721884,0.054583732536758564,0.4651819584908949,4.37680012584356
7320000,877,0.1273527299035209,0.032587143638181756,0.2973238652743366,1.2697672704004574
7320000,1024,0.11906110956235588,0.029298231166259514,0.2355963151176058,0.5949763902149036
7320000,1004,0.12683651511024416,0.027061614156102767,0.22991081820756912,1.3573632818724164
7320000,1017,0.1345820482754787,0.04576169425681751,0.29744524281492746,1.200294865695628
7320000,1020,0.1119993810285966,0.07434724949530074,0.31435655612593266,2.2963117722395583
7320000,1018,0.10039181830978781,0.11220998208589839,0.30436133676765603,5.159589572558546
7320000,1022,0.06425482231352517,0.10057776658060927,0.18143702555481603,0.3577055700896563
7320000,1029,0.0662498402369984,0.10098280077819814,0.1754856402014519,0.9170916386622688
7320000,1031,0.06065082539010085,0.08526757266428414,0.14366173653642364,0.40793452514759854
7320000,1021,0.05794590756338951,0.09144057520700956,0.14969343679364944,0.2605651150154205
7320000,1028,0.05578038696956236,0.0998458384171679,0.15240144720837584,0.4682152870968321
7320000,1040,0.05468898316852687,0.09411198875553362,0.13871594732526382,0.3423210904420733
7320000,973,0.05734845415552327,0.09043152520143276,0.1334747652952032,0.3453027635279467
7320000,1043,0.05574799017048789,0.1023159518804845,0.14505520773511218,0.3742049891799272
7320000,1044,0.061580792398226336,0.09255510858473967,0.13285121335265515,0.7065154938635942
7340000,1006,0.5165485044953692,-0.3613135738704233,0.7453900219285428,5.005525336792805
7340000,1012,0.5208259501842787,-0.18665281216029825,0.5375241935044822,5.54458143697399
7340000,1023,0.4919593605813781,-0.1117478010799921,0.5945476207766823,6.162720005284761
7340000,942,0.2339325829024437,-0.04367559339614783,0.2731152852332067,0.40211464246216294
7340000,944,0.044832661063647306,0.0015565792023758526,0.10317622595478607,4.230595736028435
7340000,1004,0.1296752007234245,0.019371247643121994,0.24197554863139906,0.7293106219474335
7340000,877,0.1348099180890028,0.03502484999692573,0.2853314926309222,0.7165351867557949
7340000,1024,0.1165917417719153,0.02593348436339607,0.23347397608996648,0.2341133340931597
7340000,1017,0.1337731438623057,0.03343359528836486,0.2549404847478851,2.2131938510122735
7340000,1020,0.12039196711439744,0.05180803365565502,0.2927793027439199,1.615572356306965
7340000,1019,0.1151540091270326,0.03736564608103853,0.234588731500425,1.721108922320462
7340000,1025,0.13324708445693345,0.06562774255777258,0.3724469826896185,2.7845275791582633
7340000,1026,0.1126400560149561,0.0541942197865029,0.23420195063340615,4.087859285445609
7340000,1018,0.12294011276077542,0.12027724353420223,0.34241565427271264,2.2481310964328713
7340000,1021,0.0628213188492468,0.0916061492665333,0.16117079172962925,0.6235517747186516
7340000,1031,0.06260689359811546,0.08408602069154826,0.14195423156275908,0.14263450786687926
7340000,1022,0.006384996863908903,0.19348906529449247,0.26931421489541674,7.018515963626726
7340000,1029,0.06914033657263854,0.11356105503124073,0.16748576910915433,0.7592189845721579
7340000,1028,0.07195041311895284,0.10767189496564346,0.15907167312542886,0.9581346728884653
7340000,1042,0.058400954533271376,0.10857560377346563,0.1512880720241053,0.37629970431165355
7340000,1043,0.06291637473856819,0.1007549851386532,0.14104244206299482,0.41810478000232987
7340000,1044,0.06513358952091423,0.09574803265833516,0.13601149936739695,0.28637623517716015
7360000,1015,0.40308620485731905,-0.263364576078843,0.43165750122687163,4.410575290806325
7360000,1035,0.5214805967269496,-0.37236687273825875,0.6154846481677494,3.1153057424051243
7360000,990,0.3505466489556364,-0.24398959032042428,0.49596005323455394,6.210431761099387
7360000,1006,0.5666202314792702,-0.3750631043110515,0.8113349676623135,4.196713981890491
7360000,1012,0.4164975028814766,-0.2600482970595782,0.6001485778102273,7.105127660691193
7360000,955,0.17649749333514295,-0.04276651144798694,0.23376487560965226,0.3310022617540371
7360000,964,0.3756631028791965,-0.10052090592356148,0.4502753546702835,2.810689843097346
7360000,1025,0.1572941952865569,0.0182854670525958,0.3995723215428152,2.9813330060398298
7360000,1005,0.10955870294545031,0.02111528449533649,0.3353904740041318,1.0240041735762053
7360000,1024,0.11557000842508199,0.01186752854408283,0.20546205797620018,1.5680900871404453
7360000,877,0.15362495943590282,0.03266574309685519,0.331144602005117,2.479118874108021
7360000,1020,0.15192759416404003,0.0320849297126889,0.3114565689349878,2.081067559529966
7360000,1017,0.13546157662873565,0.032048318729024826,0.2543827711719779,0.11270360226455105
7360000,1019,0.11398753428271068,0.043122912056863916,0.22851670209405694,0.4224225260051565
7360000,1026,0.08814995818764958,0.10168409352404836,0.2771840183239361,3.428742897241039
7360000,1043,0.07114070149235259,0.09890381219273058,0.14382441979409447,0.4438631318465863
7360000,1028,0.06451766196859034,0.11302069875562269,0.15858080006776615,0.4585205775252907
7380000,1017,0.11322567235692699,0.020758693409284254,0.2761739777992233,1.6558591160757543
7380000,1004,0.09878600935562183,0.021471879553714497,0.2648427014523413,1.9244879032595017
7380000,1024,0.10457545178397563,0.020059937298088647,0.20652038994376973,0.6875970903821266
7380000,1019,0.11634217205935614,0.014817407457055887,0.20354324952782665,1.891044184297867
7380000,877,0.1524361171755681,0.03943051569705881,0.34307972204663373,0.688517582669169
7380000,1020,0.14275898529802136,0.04531512575687943,0.33309593924541214,1.3484841705943618
7380000,978,0.14025646893205512,0.042265469654758844,0.28595588611988115,2.5619489633097983
7380000,1026,0.1386884966555959,0.03825332162652603,0.25641989689844413,4.185915500987859
7380000,1018,0.12154863189076459,0.12810159806061813,0.36382256735124613,1.1417231169580246
7380000,1005,0.12183866978720045,0.11980983611222101,0.333907040176367,4.973332052159226
7380000,1025,0.11220367051510659,0.13131321249061265,0.34875100737115916,6.593791139606273
7380000,1029,0.08364843814264877,0.10949770611991841,0.18237491450036997,1.0591063048882714
7380000,973,0.05923011769935775,0.08418100212510156,0.12541704586889948,0.5184991291530215
7380000,1028,0.0722953383461827,0.10654454924994082,0.1544107387174499,0.5473165763977534
7380000,1022,0.004255087535224672,0.2624785648716801,0.3486745365454526,5.258837375802835
7400000,1035,0.5771273498840567,-0.37205376951833896,0.6255321304339734,2.8273711599489455
7400000,970,0.20691855521119484,-0.00458388185540124,0.30593513105458386,2.5423560090391923
7400000,1023,0.5510221447908482,-0.039159330231653695,0.7035614281330054,7.183576541841122
7400000,984,0.245399046012205,-0.007413032383401783,0.449778763336978,3.01765146442189
7400000,877,0.2308729532176153,-0.005881037711828267,0.39547888547809046,5.232386274189324
7400000,1038,0.2648243678458082,0.01663661127122654,0.5735500141501053,6.129605713793701
7400000,1020,0.15407826489917095,0.015384075503715327,0.35416404615935565,1.9156323948528005
7400000,976,0.15132977766426137,0.023697636655962803,0.3790800372467989,4.71232530651166
7400000,1019,0.1437867852937088,0.011381787346634885,0.22848872585566962,1.8623151387112953
7400000,1026,0.1423690528140941,0.01933731220138191,0.24969565935643723,1.0205112404198877
7400000,1024,0.14227232024169378,0.010769456431914643,0.2099947009149109,1.9489983087264615
7400000,978,0.14698142318990684,0.02329248981207027,0.31629391805236473,1.8204361808490142
7400000,1039,0.15049461992079002,0.051066027054023876,0.48982597803464933,4.109128487627552
7400000,1004,0.12766740819692246,0.03475303524457377,0.2395444455448323,2.0313333351994065
7400000,1017,0.1275686657673682,0.030471073181253836,0.23041698602689165,2.446300307024953
7400000,955,0.127724810254139,0.04376258106362565,0.2478088709565258,5.0157981097494
7400000,1029,0.09015303259620908,0.08907356775808682,0.25836023053393004,3.9475382928948672
7400000,1021,0.09215010007749688,0.08481416303755973,0.2435859080505215,4.387071883231262
7400000,1005,0.08821233634353465,0.09656549745076684,0.2727175181809482,3.679397770933721
7400000,1022,0.013283816909562525,0.2869928420109417,0.4121183879114711,3.430593976969951
7400000,1028,0.08200835207036174,0.10807698324854628,0.15876748123941384,0.5377550440694654
7420000,990,0.3565130856508167,-0.26848232883334405,0.5296323308053182,2.1031612417397136
7420000,871,0.1861852373542665,-0.033624110587230846,0.2296408820573417,2.081681433874701
7420000,942,0.2196433834196449,-0.028553247752488884,0.24672965431747637,1.6800804135863954
7420000,964,0.40328489562914005,-0.021816629039845357,0.5487419419582725,6.452324280182422
7420000,1050,0.798470035496775,-0.04916667284513515,1.3282089004010955,3.80912960992271
7420000,970,0.2141179046876279,-0.002581011313687195,0.34479687953954713,1.9786849285568606
7420000,984,0.2430642236450938,0.001946838864228924,0.45688565051193497,0.5990960494272897
7420000,1020,0.1642086963049457,0.007415839779356992,0.33386846604839054,1.2021116764538247
7420000,1024,0.11532369187452653,0.007558956669760502,0.20202340430959104,1.4142820167530834
7420000,976,0.12032582133182182,0.023533359696189162,0.3601392155203631,1.8166088068541018
7420000,1004,0.13124113896672238,0.03431535763595567,0.23455431343017566,0.3076708136378394
7420000,955,0.13283778404517885,0.05237466888333286,0.27890145268973277,1.6332936022332034
7440000,1035,0.6317039842849621,-0.37738673246203286,0.6704155400154834,3.543151835566215
7440000,871,0.19094245517032302,-0.02943029751576068,0.23165619700353654,0.3327186640398904
7440000,970,0.2930280808265249,-0.05634555370123697,0.3200602205631204,4.931871909764693
7440000,877,0.3607299849731289,-0.057663837584766016,0.39127740758340573,6.993203749986967
7440000,1023,0.5422090836229488,-0.061158975002671125,0.5840825627200376,6.09033120970653
7440000,964,0.46411365144665595,-0.04229909677886483,0.6749519647845242,7.0796608112235715
7440000,1051,0.5803035497351775,-0.04706561594388996,0.9062613607982996,5.977641006129803
7440000,1038,0.29284634882750354,0.0013812841495009875,0.528136659603207,2.7750356731633388
7440000,1020,0.1696453468172337,0.006015323940569257,0.3278223649584745,0.4125347009553885
7440000,978,0.17339174905856344,0.008445997776180715,0.3553783837211352,2.4726094995336725
7440000,1026,0.15865717266333967,0.006558148195636408,0.2470007356599046,1.0438779797457918
7440000,1019,0.15248350693958765,0.015771091896986028,0.23689979315388765,0.6435157630485511
7440000,1004,0.15450237872822023,0.01988779531821735,0.254350117109003,1.6890187039852356
7440000,955,0.15118549920216756,0.04267242863006135,0.3121705908952516,1.9606170421273692
7440000,1029,0.08988630895975681,0.08799633598820286,0.2546807561838999,0.1921594473140685
7440000,1028,0.09670195673782078,0.11475201820446303,0.1647492310285971,0.8605803860283457
7440000,1043,0.09533887224918636,0.1244759550753414,0.17266376461126443,2.2755184953484644
7460000,942,0.25639111811444654,-0.026283422898658163,0.27220008350893204,2.238465363403884
7460000,970,0.268033576029189,-0.027082575784503474,0.29633346176432684,2.2605343559186433
7460000,877,0.3362316336033832,-0.016829641345696277,0.41429678654905283,2.644566415450014
7460000,1023,0.45751190098002814,-0.0349243281513038,0.5122456692341979,5.7057884443694755
7460000,1051,0.5695068543250358,-0.03683921716963737,0.871993137283071,1.8677921502131003
7460000,978,0.20538948518570654,-0.002087359381778474,0.3568114272242668,1.685867984126631
7460000,1026,0.1830121910507576,0.005345432754677996,0.25739509925178694,1.3254059697621459
7460000,1020,0.2091549029871456,0.006008757700957798,0.3735401706033255,3.0212260858959628
7460000,955,0.140518081025666,0.017235321690597195,0.3253082697887942,1.5276115562471413
7460000,1004,0.139485259310267,0.014454742784655038,0.3035505220306332,2.5863641371130863
7460000,1019,0.16110881782845032,0.01377361161564319,0.24206255113368483,0.5124450833061186
7460000,1024,0.12288877986562484,0.016909547438189107,0.20724600964982945,0.6556289167119784
7460000,1017,0.1599750164700674,0.021169962719557747,0.24492715581864974,1.8352297193217084
7460000,976,0.15618679292008256,0.038569234009759666,0.29591734094719274,3.753843354922911
7460000,1021,0.15331889755237663,0.03659139271342215,0.26863872755067586,4.091057664945795
7460000,1025,0.120912620154596,0.1101607907566666,0.33088449276776877,1.4512779653696928
7460000,1018,0.12056945856969585,0.11990337865528217,0.35815741280676694,0.5006584609880103
7460000,1028,0.10261442990003063,0.11481396774335907,0.15665551520330628,0.5011721572967317
7480000,1049,1.1054301886864906,-0.5711111048155402,1.1571386763960922,7.2902822882802045
7480000,990,0.3416281555404737,-0.2459328293228251,0.5133207820173649,1.578058693796331
7480000,1004,0.14805797104803284,0.007833773685126553,0.27917723745150347,1.3335906601455547
7480000,984,0.2764890164432548,-0.0015775844507453902,0.45621555693420274,1.6808385992608328
7480000,1050,0.9131388510816023,0.0032640184660160648,1.315011186380277,6.338788195382394
7480000,1024,0.14122791241141516,0.005512560123326039,0.19620807726871933,1.2124881995685306
7480000,1019,0.14310216304047796,0.006135232508575114,0.2189758174798638,1.512929048930397
7480000,1021,0.11877869527747288,0.017975094006614057,0.26565543177043294,1.967544284409366
7480000,1017,0.1660104274454499,0.020384461929553038,0.26074742146101126,0.8475317134593695
7480000,871,0.12100153937749161,0.01061626648787757,0.1718831008135735,5.017041463495195
7480000,1026,0.1636312661129311,0.02201354812966319,0.24559245669681667,1.4077896619167563
7480000,976,0.1621842550953694,0.0184701809313655,0.23637517467192215,3.1564264017810046
7480000,1029,0.14433819616629354,0.02587960997089666,0.23513992029502762,4.244213690042692
7480000,955,0.14512843286904506,0.030691723281498988,0.2447865853817948,4.088420155645632
7480000,1005,0.14705864617244235,0.03598115867537356,0.26834929921052825,4.228602494413774
7480000,1025,0.15412159232520517,0.04765034842323079,0.31324137631969273,3.6474891334144055
7480000,978,0.15236405763615038,0.04759500904097637,0.29428730896542254,4.79304158727877
7480000,1018,0.14968263831875642,0.04332326705061282,0.26536964226818044,6.189034878316268
7480000,1020,0.13240999972348294,0.07079449591197683,0.3232687645718336,5.615644735219355
7480000,1043,0.08641411361299688,0.07646493817196014,0.23701182154829012,4.03899167255322
7480000,1028,0.08804837322666734,0.07460994828633233,0.2269931925205987,4.115799447830327
7480000,1057,0.022973910992779078,0.39455591053821465,0.5579852474165027,0.4773854672396073
7480000,973,0.09637936986790005,0.1116695009466769,0.15682623575622556,2.7938422081086647
7500000,942,0.231765862586678,-0.026659924579896202,0.26610383075422317,1.2685713036455277
7500000,1023,0.45779022764861144,-0.03705048019190139,0.47939976733776574,1.6457910405214173
7500000,877,0.3015335410008559,-0.02137073951322015,0.4294256438745,1.9062145254367266
7500000,976,0.2156795874728292,-0.012604365546332583,0.22049218676783605,3.1936058498705115
7500000,1051,0.5117496002676151,-0.018957932378761724,0.7818054854877386,5.428962441936296
7500000,984,0.34622671989502596,0.005231724793929875,0.46044213946410195,3.509835457325188
7500000,1038,0.39307420104758056,0.01188567719713796,0.5579799274192923,5.2551368364419
7500000,1004,0.12933660594078494,0.01726735846756628,0.2869866025918003,1.1185573490224372
7500000,871,0.12783326292837446,0.010190920330874683,0.18572476569320126,0.7720833061737657
7500000,1026,0.15965327155653647,0.023637192190694847,0.24326031809613355,0.24443573378510447
7500000,1025,0.17426812130422814,0.039278944693935516,0.34607960602592935,1.971238418191108
7500000,1029,0.12339666236589282,0.033534141451969354,0.22735753626619606,1.180789133673188
7500000,955,0.14629963173605062,0.04002435602670077,0.2527719703236013,0.6169199976733576
7500000,978,0.15059440681093253,0.05311994196613997,0.30392238126411575,0.5623414578167703
7500000,1020,0.14358313724926539,0.07048392123656969,0.3283916915972912,0.6147760570061584
7500000,1043,0.08770662206903612,0.08234529638482571,0.24822253877604197,0.6362573606276802
7500000,1052,0.07693126034337221,0.18852262624472502,0.5372261971943129,6.949260674730836
7500000,973,0.009690317150328398,0.1109086328551802,0.16304186263758189,4.345746425773948
7500000,1028,0.008626190515309983,0.1148224181909328,0.16162620376128922,5.522175536399654
7500000,1024,0.09656113917567685,0.12734418567820463,0.17857067519940253,6.547736931259484
7500000,1019,0.10001777999172685,0.11134956429327343,0.15692388453453268,6.4762570320062105
7520000,990,0.42030550380486836,-0.23909380798378257,0.4524752962767325,4.984744345953517
7520000,1060,0.4870967435459714,-0.01849257572662944,0.5013089014681564,1.756198948841009
7520000,1051,0.550250486662442,0.004893140896893513,0.8744332759473743,5.1553611694580175
7520000,1038,0.30254398993076215,0.020630740201407705,0.5663094078311696,4.566611297159034
7520000,1026,0.1699264309329586,0.01373150974472184,0.23710268358799053,0.7771370712906785
7520000,964,0.5272303506404125,0.018029650296937795,0.7007854717234064,4.5526490973971905
7520000,877,0.2668837300389442,0.01885567856156887,0.3931754238384906,3.214363297561052
7520000,970,0.23872237564571228,0.015519351071014261,0.3150954030706312,2.750491356696299
7520000,871,0.14080637076070238,0.015028411704525933,0.20684841832274073,1.2628455468037332
7520000,1017,0.15711851016505315,0.029253033238835748,0.25532409032474795,0.6839778333447905
7520000,955,0.15380514712665438,0.02613075802324763,0.2289222653005909,1.4301864008274898
7520000,1039,0.2056104574478549,0.07002125843299922,0.5066404150460293,3.0330601852543113
7520000,1025,0.17727736116949064,0.05075078843971765,0.32839761466564565,1.0645557077479235
7520000,1018,0.14878873902307815,0.05594168093612948,0.27742503713220273,0.8737218811848952
7520000,978,0.17182893603865332,0.05792665814702123,0.31114797979666997,1.1469732190859163
7520000,1053,0.1076378812759889,0.240599608073298,0.7022540607825433,3.3865032181464985
7520000,1020,0.11635951501632812,0.11561981382296369,0.35102285587018583,2.8681631767556897
7520000,1028,0.0027728224856453645,0.11987830913842029,0.1586778501865311,0.4138741939447745
7540000,984,0.32008101379851334,-0.00486756905373575,0.47667455168289036,1.6194789979707864
7540000,1050,0.7681307767535479,0.03051450057760621,1.2896064416143411,7.485875274853801
7540000,1061,0.7704615956534084,0.05870004998774694,1.1512221246274397,5.896563110031956
7540000,964,0.5601430006043197,0.03419374612205404,0.7760612717415858,4.186575745722019
7540000,1039,0.2201345761267259,0.044758518376235915,0.5344446544746358,2.0138469335930194
7540000,1017,0.17017163194560456,0.024191349348687056,0.2535397373445228,0.7056708644611428
7540000,1026,0.16549751418705533,0.019055766075254034,0.22726060821910646,0.6017255532677438
7540000,1005,0.16957481387145082,0.03304977417657313,0.2689365930764008,1.1356889285963951
7540000,1018,0.1625040400497486,0.04619582660001629,0.2779951313556275,0.8417484280004718
7540000,955,0.15906282161439772,0.03934317740635765,0.2524356488482416,1.3739453890467945
7540000,1020,0.12369804430877404,0.11673253398475716,0.3511714267679681,0.3711947994187702
7540000,1062,-0.0022259289721182746,0.1289745470302159,0.14303846127898698,0.511062840405574
7560000,1017,0.17254888659618248,0.0021307343237195395,0.26263151029188747,1.1989395421370808
7560000,970,0.27272018523658315,-0.002901736128782142,0.3216311747195236,1.9608058430439255
7560000,877,0.3114742362499013,0.0006360470371140352,0.40605379408520126,2.493050659958433
7560000,871,0.15943371804566417,0.0022575092225520727,0.1900752583839944,1.406603099144731
7560000,984,0.24313195770188623,0.021040468895245582,0.4468340067318503,4.325171033468724
7560000,1026,0.1556145304988253,0.0017439892509979453,0.16894659864435443,3.081353069707747
7560000,964,0.5509384659421086,0.027276212730518126,0.7533096855421773,1.2749611770167513
7560000,1051,0.6434930698797716,0.05188980067688875,0.8427724847443407,5.455563915655132
7560000,1039,0.25252320775617854,0.03593483924848098,0.544797449962197,1.7564603230540283
7560000,1050,0.8895132187226945,0.08191338777695681,1.242718810264359,6.995354315068079
7560000,1005,0.17629022401168204,0.029983192884708743,0.2709675950606829,0.38283685569472964
7560000,1018,0.18819386199629695,0.024438601056035725,0.26980941921637525,1.7323031621541438
7560000,955,0.1597183612089121,0.032394553439206594,0.23150306506041043,1.103274865153075
7560000,1043,0.08816079821051902,0.07979564140744634,0.2545160012959033,0.34027447362411306
7580000,990,0.5222784405071272,-0.2314349243297645,0.5510559960424087,7.101987870448506
7580000,942,0.2539539745769835,-0.0022865733240430815,0.27275097301753365,1.6811878727585916
7580000,877,0.31952575540528944,0.0027940499522602557,0.46348006477281045,2.901405048583326
7580000,976,0.24664855310101635,-0.00216889964095698,0.2572901432078898,2.460724171309224
7580000,1063,0.45196642414154603,0.013580719205900904,0.6938159023116853,3.0136601587429945
7580000,1050,0.8200431223798045,0.05432253014451517,1.3500373867612951,6.5392328625215725
7580000,1018,0.1947725906716504,0.021371489901697415,0.26684170193858964,0.39209114902612696
7580000,1038,0.29175709275438944,0.05251443255105167,0.6381582915765873,3.9671113810942273
7580000,1005,0.1886718629520062,0.029636054174335354,0.27628815452035665,0.6740434724420875
7580000,1020,0.06216594490250418,0.12599547274051773,0.3908379912457896,3.689660427874501
7580000,1043,0.08625588760340111,0.07550141551841162,0.24117561177325672,0.7071687440475307
7600000,990,0.5031280994085704,-0.2421373075725928,0.5295489777230777,1.5360895223386934
7600000,942,0.218339039184141,0.0007458792396679645,0.30464131228235986,2.3951060154058
7600000,984,0.2606403711100826,0.01261442690229655,0.4077502421826167,2.1823630398487674
7600000,1018,0.20604700395410872,-0.0005662820023271102,0.23490561660060674,2.0176048781238154
7600000,976,0.21233208497599834,0.005262320026019629,0.2624487031895636,1.7744391729492757
7600000,1017,0.20233193984151662,0.005858613906434601,0.23237029233141296,2.1311198108324283
7600000,877,0.2621410231370418,0.02319084549980139,0.45513165881451684,3.073569849601245
7600000,871,0.18784450772490785,0.005325600041814314,0.18879503121041433,1.43023174091599
7600000,1005,0.19621518416744355,0.01669917119380637,0.27027009081551184,0.8069723151489433
7600000,970,0.23619133958713528,0.028200565672079743,0.3254866100479543,2.406540111531903
7600000,1025,0.22388034414278124,0.058102542035820326,0.43412201134873485,5.788681705913235
7600000,978,0.18057905957970175,0.03913580405250875,0.2794217842113965,1.8948696168205683
7600000,1004,0.16441446498395668,0.05189873352217994,0.27970814802879557,2.4913672120201724
7600000,1062,0.0011334113027119711,0.12249645285439979,0.14551284089487804,0.38527076750117056
7600000,1028,-0.0021334869599824997,0.12797241997607484,0.14934829203041558,0.6645057524522185
7620000,990,0.5094461173265986,-0.23562948391984928,0.542517411052673,0.7912796315650552
7620000,1069,0.6234740810576254,-0.36648421337860054,0.9603217134039819,5.175445634662639
7620000,1018,0.22370585079190294,-0.08499510602161714,0.24891840274317967,4.369330432800432
7620000,871,0.1965280426201691,0.0005966356899613594,0.19974692762579901,0.7377515117091116
7620000,970,0.21695450739187672,0.012940118819368261,0.35095263877420646,1.7687958970294366
7620000,976,0.22037260007568527,0.0035747868109988496,0.26640527998292396,0.45593900727468356
7620000,1017,0.19477690060604136,0.002031982697768174,0.19485154461762805,1.9231342609574553
7620000,1050,0.7982235686785766,0.08277889939928047,1.4490702690206647,5.2662533274336685
7620000,1039,0.3591556486881209,0.022641007690185958,0.5509917002808815,5.381814785370967
7620000,1005,0.19085755395085968,0.009568855579755297,0.25126891019009284,1.0495123480138662
7620000,955,0.1862344539459298,0.008349072012467809,0.23360984331279522,1.7928516849466964
7620000,942,0.2745793498965973,0.01531989033185173,0.3218326821406783,3.0294048697533915
7620000,1026,0.17265569440993236,0.004649831947509054,0.18174243345767152,1.075381999328358
7620000,1029,0.17484620180584629,0.007080581767086708,0.1901096149070043,3.4402956174453636
7620000,984,0.2995456192357348,0.02062216727461642,0.37557703029505485,2.55580603760878
7620000,978,0.1693164406608904,0.006827809665700884,0.1689873329381678,5.780661967765349
7620000,964,0.5199690131341194,0.059522231960914385,0.7003134675251594,3.466811174386572
7620000,1051,0.5543220544294583,0.08142849651118136,0.7612360342797333,6.219364377168752
7620000,1065,1.4532772285418805,0.16423288379532464,1.857680756024212,3.298552247732672
7620000,1071,1.1069188683794446,0.10595248564587877,1.3732487027474463,4.69649546075827
7620000,1025,0.24517121313723342,0.04573527760687923,0.3728165195588707,3.3032611369642653
7620000,1004,0.1589829007935304,0.031202203373313076,0.23132387763259413,2.6452248824676565
7620000,1043,0.15910265486354802,0.037978279333259764,0.23566787586622437,4.106389047644255
7620000,1024,0.1619552940463851,0.044650908523462186,0.2554251787185825,6.523263809057715
7640000,1073,0.33018660297973956,-0.23477998291958804,0.4995698285367661,4.128640267169496
7640000,1018,0.22156935656780205,-0.10992885765326958,0.23502040108241698,1.4312678192437551
7640000,976,0.22054732354700904,-0.10464979423392695,0.23886723741434113,5.583666863977073
7640000,942,0.2734006454401326,-0.0090419476103557,0.3018088159776429,1.5778495715951661
7640000,1005,0.25166631727652716,-0.005972395133110467,0.25758413080022896,3.1540125959925556
7640000,984,0.2681310440982849,0.002652242851927543,0.35337943386353055,2.122808871613537
7640000,970,0.2208227983512714,0.005280645215717628,0.3072817564688391,2.2252961444270762
7640000,955,0.19279684763847535,0.006150332162108926,0.21733764061469515,0.8841437221311544
7640000,871,0.21859763911688723,0.000172243116072286,0.23102035400575788,1.913945137750448
7640000,1025,0.23473042534793986,0.012633471558421192,0.35191571828029083,2.0258227386777206
7640000,1017,0.22233390626610827,0.0026996653837899035,0.2402498065469914,2.655577407704987
7640000,1050,0.7488707088695582,0.07678492555213887,1.3334660944830985,6.292050076151832
7640000,877,0.2575835032653774,0.019586159079182482,0.42525845369341214,1.521654638690401
7640000,1029,0.19463198628230396,0.005876686722826163,0.22322717936684802,1.9298314086846637
7640000,1026,0.1892622155177887,0.008785608488027542,0.20599389123674228,1.4840943326729883
7640000,978,0.18400211629431787,0.0036707469859973956,0.18911257367472503,1.2556486653102885
7640000,1004,0.18122944376344827,0.00387649362814481,0.18021419295973026,3.1039502873552767
7640000,1051,0.49224798747944526,0.04112452875660563,0.784891892856535,3.884970800881977
7640000,1024,0.19378315321595027,0.018474087596897247,0.25089158362120645,2.0729158555318126
7640000,1043,0.18626855658889332,0.007465317789695965,0.19638629546639003,2.833756163389315
7640000,1039,0.2875704615428287,0.0516885718487934,0.4226899445583435,7.48824754593168
7660000,1018,0.2216265514581131,-0.10487101782806277,0.23363805507477917,0.2621826435796141
7660000,990,0.5329468795271936,-0.25034946061664004,0.5814269411196696,2.3889930242664414
7660000,1073,0.320798080761648,-0.1545076549026942,0.39006621792763224,6.804930516017085
7660000,976,0.2756396842489754,-0.11979453030723576,0.3000673653336986,4.186283224947718
7660000,1005,0.2372808367468798,-0.007488538503479238,0.25334076862100163,0.7537354697977158
7660000,984,0.29892936980801893,0.0012697763760931339,0.372805662812346,1.8219676528765987
7660000,1017,0.23467762099190048,0.0011306880334774028,0.235026266288726,0.6747487606273399
7660000,877,0.29574766636350963,0.012290722766822665,0.412296115207316,2.048016696096901
7660000,970,0.23456849181749287,0.006547200776312917,0.32026333148915853,0.9474565186112505
7660000,871,0.24050458958004947,0.003004652351101027,0.24752143148547245,1.378606704848834
7660000,1051,0.46100142929001453,0.03945904199421699,0.7611426870520301,1.9641448655750304
7660000,1077,0.2774027903602467,0.021245330469445968,0.34514336447101435,1.3794928333674439
7660000,1076,0.25696134596084624,0.013633906190827065,0.2874056404223425,0.2511214097928572
7660000,1024,0.23294456216504017,0.011884746559534023,0.24440954138732093,2.0118724100364895
7660000,942,0.2528809215539914,0.02274525206237206,0.30613626041412073,1.9040823949793642
7660000,1004,0.14124245189045637,0.015428984109118896,0.17533034116416205,2.0953946905802687
7680000,990,0.5272984640012661,-0.23699805158292753,0.5791402468903811,0.7338148466018174
7680000,1078,0.9672890102833,-0.49999414700576306,1.2126608496528837,0.37987409854339477
7680000,1018,0.22406968396093002,-0.08642746039772392,0.2527308409877856,1.332918021703158
7680000,1005,0.23625862986390161,-0.003117864147771072,0.257402902638021,0.30269057636255786
7680000,1017,0.22129765345741062,-0.004004551457405967,0.22276621616869252,0.9430045662647447
7680000,970,0.24604267265135438,0.0026056479560071094,0.31296844897973536,0.7078276189682478
7680000,942,0.22797266649680678,0.005566323389964926,0.3045512316517637,1.5149662343621009
7680000,877,0.3207585143378006,0.018093211136803365,0.4613715262907231,2.769299261854093
7680000,1051,0.47350852394562254,0.051919523179547365,0.8707948263877158,5.553215885634856
7680000,1076,0.24557130199603366,0.011613215523986007,0.2840984846916912,0.6015678916759976
7680000,871,0.23702995240292915,0.010306767860594855,0.2639600731909742,0.9160007308245968
7680000,1024,0.24347078655240914,0.01717676036554886,0.29588966247918413,2.6405537665465135
7680000,1029,0.21809106908356904,0.012118946358991382,0.2324612407049131,1.2986168218888288
7680000,1039,0.314461386989647,0.03262878881393441,0.40016324405977216,1.9961521961479864
7680000,955,0.2280189640992141,0.01647762558405766,0.2572728136925219,2.7120419088543084
7680000,1026,0.17915546826455736,0.025356867056971988,0.24438460921098754,2.150930134370682
7700000,1069,0.5595721946061605,-0.3418563618725495,0.8735867103431347,5.525609223837942
7700000,990,0.40272499250936533,-0.20458915894853574,0.6274211336026483,6.87385083905916
7700000,1018,0.24773483961419554,-0.09069502652281147,0.277180033022876,1.7146535392711333
7700000,1005,0.23711628766865983,-0.004652845668844045,0.24611905430329956,0.5710012662444243
7700000,1024,0.2417921608714376,0.0037333490792772744,0.29497922193180165,0.6789182446712373
7700000,871,0.23383739614098062,0.0014372029560241945,0.2748749810704868,0.7211047273114091
7700000,955,0.22739041980372268,0.0015708755248629574,0.2585814048927807,0.7488635993758989
7700000,1039,0.3184739059838048,0.028814473838708943,0.39317721626099705,0.44568456281871943
7720000,990,0.47810466780834654,-0.22057188391840538,0.5217677463783654,6.53838305271391
7720000,1069,0.5725360834788241,-0.3452623065538629,0.9013878890160795,1.5431853497554473
7720000,976,0.2566662711057276,-0.13063687745329047,0.3273197240844253,1.746595227448419
7720000,1018,0.2757963028480971,-0.11531725844534951,0.3036191953363367,2.2873179312856675
7720000,1029,0.23725584530711008,0.018596889029789888,0.2398554183232985,1.0769473659339017
7720000,964,0.5825174399250157,0.10236256512452527,0.786698352209144,5.746726925270289
7740000,1079,0.3251650535211446,-0.2339180935776769,0.5049278469009744,3.747392242980357
7740000,1078,0.9590993767247695,-0.5083762232690691,1.2341622653752409,1.2243775749054258
7740000,1069,0.5591787965559014,-0.3412143218090263,0.8817214981363448,1.2057883569165677
7740000,990,0.41296541987877167,-0.1572889278320878,0.4696418450984636,5.235686138438661
7760000,1018,0.22797588792790044,-0.10673592009001835,0.25569456764163756,3.412184560799711
7760000,1079,0.3260608833310357,-0.20991314563819174,0.518975715309682,1.3913865777112846
7760000,990,0.3329968189181961,-0.19820505214726486,0.5288597116214563,5.37955901633716
7780000,1079,0.30964562846862403,-0.17682285458553026,0.4945151270746136,2.2151457801651264
7780000,1018,0.2288035468422693,-0.09283407928195431,0.26704386785474415,0.8982661249019
7780000,1073,0.3709023194359609,-0.13313388055691205,0.4200528673983575,3.1090481298128356
7780000,871,0.23632786863097582,-0.012070531096009838,0.2708851750819761,0.7151571230678233
7780000,1026,0.1652142054454248,0.0003388467145549927,0.23629790210680096,1.4879978012707378
7780000,942,0.17970517856952256,0.006325304028392194,0.321607755595842,2.5599079336349932
7780000,970,0.1839372956916623,0.007376106992530114,0.34652266562612904,3.5375558587383877
7800000,1073,0.40339946683541555,-0.17644627873726443,0.4189550771502846,2.707966750471669
7800000,976,0.26555115157956577,-0.1159728555905044,0.2956754098105504,1.7995397078770032
7800000,1069,0.5337809464077686,-0.3180635853602168,0.8602517036856022,2.02605494991275
7800000,1079,0.32892575408276314,-0.1632922432122516,0.42906774316403257,3.477844428870655
7820000,955,0.2041017953283337,-0.012922467111194227,0.24280025300488595,1.5822940352780863
7820000,1026,0.1782554223577178,-0.0034697836570406573,0.25660954764572774,1.2218244026454064
7820000,942,0.17410141219957104,0.0017063469907604013,0.293173315443587,1.4673567633815734
7840000,990,0.3266101682011775,-0.24067233773034788,0.5142176885062361,2.268616590062636
7840000,1073,0.4350222335955038,-0.1775689162860839,0.50784441006959,4.717672413242592
7840000,970,0.1849404050269949,0.0024063870525569873,0.32783357998244356,0.9682281069270415
7860000,976,0.32319942368322546,-0.14475411361384682,0.3393373106027234,3.891672413863144
7860000,1018,0.2534768355444859,-0.13258675935056646,0.33604587742304093,4.168430181880129
7860000,1090,0.7770937126012328,-0.11460083317428225,0.8048150106761988,2.1304019611454925
7860000,1026,0.18959475536168946,-0.01219563839610633,0.2588635072896562,0.7242260489286027
7860000,970,0.06691222017335002,0.04706815681729571,0.35766753181729927,6.483708580058405
7860000,871,0.26475219394061905,0.044262027225739915,0.30159057123500915,3.5086039778295217
7880000,990,0.39392750847009644,-0.25052188972568895,0.4427004171623966,4.935422493530494
7880000,1079,0.376202585966332,-0.22770115736498167,0.41351393461310937,4.069867324532753
7880000,1090,0.7558747897603336,-0.13060428759284698,0.7868932854315208,1.6027643897348416
7880000,970,0.06694249341605445,0.04155955703682124,0.37800977068923053,1.053746020554026
7880000,1094,0.054341978968133454,0.04292399918929656,0.3514618601157612,2.1093202351582256
7880000,1095,0.3362061362569427,0.05245882822711806,0.38672732239085944,1.0940400026577763
7880000,871,0.2734656278209064,0.042604469782106136,0.2718054718045041,1.553885110577804
7900000,1088,0.40382357643766736,-0.05089962324279467,0.5115752889890056,2.957119905011939
7900000,1091,0.10892621815039824,0.014058965367877173,0.1236416453148928,0.481413148635884
7900000,970,0.04861838029308409,0.07304455519332859,0.3957781925248528,2.0265704066151415
7900000,1092,0.09897723977502174,0.02564607606448785,0.13509852466278846,1.0248640291142659
7920000,1069,0.46625251178239474,-0.27537231139480706,0.7636846488772299,6.266544189205534
7920000,1018,0.2722111328352954,-0.11515489852724543,0.3293452192177437,1.322632306357557
7920000,1095,0.3579049052626608,0.035688555926607614,0.4041993447409635,1.6258460677438955
7920000,1088,0.3919428613462814,0.052769284710207774,0.46329045312107936,5.7488736379492975
7920000,871,0.3343592002415461,0.04097227588623163,0.36332315922997593,5.496857813962397
7920000,970,0.05240463588423292,0.06903263698519725,0.36649245408013986,1.4900383345424195
7920000,1094,0.0472222279067863,0.0821997800295394,0.3999946004121724,3.1419359861657092
7920000,1092,0.09934956182584735,0.021986106180490142,0.12974218248563435,0.32490154193255694
7940000,1095,0.3616680517872534,0.03166887693975243,0.4041491012462549,0.27532533179712754
7940000,970,0.06644649017510867,0.05312941241199783,0.3804623062584531,1.2700816840224523
7940000,1098,0.05566662107977923,0.07532022425227543,0.37047499685797686,1.2406547314780119
7940000,1092,0.09741315402280941,0.026298307633614976,0.14765133172454661,0.9261241588113738
7960000,1026,0.21512140391563134,0.012356917610719824,0.2393836134851109,2.021078954111615
7960000,970,0.0709284937854485,0.0495464813886385,0.36375997542328325,0.8830254900181479
7960000,1094,0.04835648754312298,0.0827270103643922,0.39831522297018895,0.10469987274651336
7980000,1018,0.2808820624049848,-0.12982556500138967,0.2979361333069053,1.786717767410761
7980000,1099,1.4253975145519142,-0.39754040497401955,1.7221968019988032,2.9658506756568714
7980000,1026,0.2591213181143852,0.008022758772890567,0.289721052678306,3.34986386546448
7980000,871,0.2530236056565176,0.011109358879386893,0.2765416640273726,6.1315374638538405
7980000,1098,0.053698869826721174,0.08086089078881156,0.3732823004494212,0.32577593571939545
7980000,1097,0.04936304022674708,0.1043017936940005,0.4023498522122268,0.6920042443541962
8000000,871,0.23630276656493185,-0.0014068638243065386,0.2376539751394962,2.2070878084794336
8000000,1026,0.26288665114609533,0.005281593646416697,0.2944547311719608,0.33203701289003085
8000000,1095,0.30341985715514597,0.022028938701090742,0.3846233151076092,3.1092752015048504
8000000,1088,0.39896401004988646,0.07579430570582628,0.4875932184231177,1.7103161420427264
8020000,1018,0.31660753822254917,-0.19258792059154872,0.3558915724686429,4.629863883000992
8020000,871,0.20266329325333146,-0.005261410029992046,0.20600660660850909,2.3173409471146846
8020000,1026,0.2501807440943841,0.011474979186392027,0.2729643327117379,1.2861136462543368
8040000,1095,0.24993829558819744,-0.07232807939350396,0.3870507751088222,5.424347161963471
8040000,1026,0.24566819973298498,-0.0038784456000769143,0.26546628495565433,0.8836167571971802
8040000,871,0.20922700416445045,0.000974384370088623,0.262852429557134,2.878113539903886
8040000,970,0.06323246455662235,0.05621248694936339,0.362582067880663,0.5124742974177419
8060000,1026,0.2478836710390564,-0.018957845306986604,0.2577485855896744,0.8541947847716305
8080000,871,0.19749688158242307,-0.019674984070762992,0.20816739602278117,2.9809583548955865
8080000,1026,0.20989536147483587,-0.02279474543316316,0.24380571373759685,2.0323860002523872
8100000,1106,0.17380201073046966,-0.0046723714774059965,0.24210890174278793,0.6222276095173275
8100000,1105,0.17319245932874106,0.0009607340266993515,0.2390801755481096,0.7156234196636786
8100000,1098,0.0644767714011084,0.06447097520182868,0.3914313456589059,1.3362076347928904
8120000,1018,0.40664857571696006,-0.2260878404243816,0.429274449941305,6.044559489334991
8120000,1026,0.22780122433323777,-0.08566660836417873,0.23817307512141456,3.2807078850839546
8120000,1104,0.1932617014543219,-0.019522271069946088,0.26328908156433334,0.97225607120335
8120000,1106,0.1874002774414177,-0.017311185699546996,0.24065606102041429,0.931078982482768
8140000,1018,0.3733453025841768,-0.22955251753522388,0.40199466467191813,2.1594551819747343
8140000,1026,0.2896131001602915,-0.13287168008532635,0.3050909822577156,5.130066540738143
8140000,1103,0.7158076781297913,-0.4519845909453491,1.0953571449285797,2.4471517779284353
8140000,1104,0.2443018716050543,-0.08985036990459862,0.2616357272822476,4.345651284644932
8140000,1106,0.22943315776864154,-0.0312039729193784,0.2594356826437154,2.4043953260916715
8140000,1105,0.18911861875463323,-0.01740269772465269,0.27018083314385033,1.9736445238650528
8140000,871,0.18167182490022213,-0.018900055625538047,0.2387645633972589,1.7228026471652929
8160000,1115,0.4140318465059099,-0.28423058721781946,0.45489728645810995,4.275969561722889
8160000,1104,0.23474244292503205,-0.11975455734793938,0.24960547966552332,1.6810487508208911
8180000,1104,0.22330011556898063,-0.17201933365669875,0.2521460340112204,2.67814680063992
8180000,1026,0.24139253692505405,-0.14169663200810229,0.2604136406414742,3.3163109583757273
8200000,1018,0.3196858669752993,-0.23372219389456317,0.3403959307464699,4.089964930174545
8220000,1026,0.20591905293284987,-0.13217647563492882,0.22976671749433145,2.3917751474071074
8220000,1104,0.2201909554370454,-0.10628180909363762,0.23218107509301875,3.4386365746508307
8220000,1105,0.17737506378375223,-0.0362707651492966,0.28273142329599116,1.2761586547741888
8240000,1026,0.12934967160216632,-0.1056191880455494,0.1527786538234319,5.589123730349669
8240000,1104,0.12894069619385262,-0.09529563222650567,0.13815835672659832,6.5741116249872515
8240000,1018,0.23568431182336966,-0.17395865762197096,0.25921636647170143,6.5608808843762345
8240000,871,0.1901258429294526,-0.13069888557260148,0.2132922989799712,5.748757485951895
8260000,1018,0.1685034214377436,-0.19208253460152674,0.24549774946091465,3.5461061047521625
8260000,1026,0.15644085773089353,-0.1379687008274463,0.1773074114699902,2.4403295344948015
8260000,871,0.24573572617395611,-0.2001113683095759,0.26966240857325185,5.265012139049766
8260000,1106,0.22411330821615985,-0.17695156816487542,0.26056718549235663,7.292452025519733
8260000,1105,0.22642658693913076,-0.041195829252701446,0.370947915041106,5.0528352427377845
8280000,1026,0.17137180709609282,-0.14720852175375804,0.22154508914867282,2.379747710419881
8280000,1106,0.2188601148664958,-0.12383308230411971,0.23859216539132808,2.886204726344299
8280000,1105,0.15681632792958006,-0.04606606466637486,0.27347212845428076,5.993921154611903
8280000,1118,0.1304585148262709,0.06368619306676464,0.30206467890050576,5.548958196214816
8280000,1120,0.07182129232208714,0.09885667812118291,0.1725070614317514,0.8361764325429849
8280000,1121,0.08898766910803663,0.11572610456366882,0.19237469245029262,0.5201749506961671
8280000,1119,0.08382035140531371,0.1056965523394176,0.1720808026808065,0.7128582243699213
8300000,1018,0.19371379538911737,-0.20159906497306676,0.28770446917272724,2.50376441279529
8300000,871,0.18931267940096777,-0.2426298378857886,0.27021415861638587,3.532592847456473
8300000,1026,0.17609512402843205,-0.19364969696508025,0.21461400534400646,2.359625182396221
8300000,1117,0.19244044632589274,-0.24937781996275454,0.2833712300660321,4.085083919596859
8300000,1106,0.17347385771484186,-0.17516270861507444,0.20450735339058476,3.826361615354829
8300000,1105,0.1820553099732052,-0.17171557753533231,0.23883639112774308,6.637853681529454
8300000,1118,0.12189649574987074,0.05892208245949918,0.2938125734622564,0.6405118357744919
8300000,1121,0.12209646006902038,0.05507121041568523,0.2753340666238841,5.398487284942692
8300000,1120,0.07082846125523477,0.10597650307215897,0.18869259281325998,0.8855069832610687
8300000,1119,0.07283123741353083,0.102888888555746,0.18172620856377647,0.7444418326735999
8300000,1123,0.07237306254689208,0.09465974184325622,0.16018498152133978,0.7745331469057614
8300000,1124,0.06825101917529952,0.10004172534652536,0.14619450421175234,0.5146766702964247
8320000,1105,0.1503361842440286,-0.17037027602644486,0.24526287911684538,1.6195775074438437
8320000,1126,0.2283789528989412,-0.2174802993120636,0.25783464433741493,1.377617492155537
8320000,1104,0.1216617095990559,-0.13573986073565986,0.16522773583867784,2.460421991783827
8320000,1106,0.12212524564984108,-0.11439877855638218,0.1427956748960981,5.034199643385847
8320000,1120,0.062364871059917885,0.10504952627850184,0.1876747412577743,0.4287413753046457
8320000,1123,0.06110330726212395,0.09111521868713042,0.15845559369071854,0.5969962538650723
8320000,1124,0.06893292034067405,0.09439361863609005,0.15515705484142686,0.5307857675213292
8320000,1127,0.06692546135423463,0.09991780853250774,0.16070487238176548,0.9649832942536417
8320000,1128,0.0683365464948147,0.10625119025763494,0.1528795407024198,0.7930278251872027
8320000,1119,0.07154029586064432,0.12271069038876307,0.1684136415000903,1.1956115588115457
8320000,1129,0.06552986553064089,0.10494580578707474,0.14064491871246318,1.2194455096488837
8340000,1105,0.13408228007487644,-0.1645596934797696,0.242726992430551,0.8723287676636515
8340000,1026,0.15468408827818014,-0.20779358744092336,0.23310276304275612,1.581388828636308
8340000,1018,0.1979178201163767,-0.14136581012932917,0.30269435601943956,3.1106331833950165
8340000,1127,0.060713501876227934,0.09768779292371549,0.1689982603171857,0.5299568228149065
8340000,1128,0.0714979174931769,0.11343412197822005,0.15862940241945986,0.48644034695159755
8340000,1129,0.0744297347824387,0.10681546781361247,0.14994912461110016,0.6505220138412005
8340000,1124,0.06840004479639931,0.10438726162839196,0.14120802894375667,0.8583882864082326
8340000,1123,0.06456545040797794,0.09212737753652624,0.1264610103202276,1.60986355458319
8340000,1119,0.07187191400660221,0.11715603844692835,0.14831105179986764,1.0429264612679494
8360000,1026,0.14303226591059942,-0.2334588927306528,0.2602490337523462,1.9566507567390614
8360000,1105,0.14123473468169356,-0.20893256151092313,0.2341965616235361,2.287398781348595
8360000,1106,0.10416764585140716,-0.11842524381067472,0.1367881469991534,0.967959457308657
8360000,1104,0.12134434419086366,-0.1321624567696899,0.18680881547701414,1.0938938914427079
8360000,1122,0.36693898543115405,-0.3050157775729463,0.481355810183102,5.134006363050185
8360000,1018,0.18038157458112491,-0.14767479871800285,0.24264687722891673,3.1436535088901505
8360000,1120,0.0576127316125011,0.10301784727779252,0.18010673693446227,0.4582173019629648
8360000,1127,0.052652465943290275,0.11641056733163323,0.18957955530600787,1.448371745494581
8360000,1128,0.056544930428997754,0.11064387325431378,0.1793904372326925,1.2868545727849618
8360000,1124,0.059354220982982694,0.09143232083868402,0.15300158668805514,0.9858314049525863
8360000,1123,0.06464284015333507,0.08340049938601003,0.14068957318313957,0.8345903075319067
8360000,1129,0.053577978856285874,0.09108976225391002,0.1426928040692646,1.3553115217175813
8360000,1119,0.049987431736235745,0.09733280614895062,0.14985867253418644,1.47841657941771
8360000,1121,0.05923788731998818,0.10232721897542887,0.15245800799604226,7.294322500574807
8380000,1026,0.0867212174224295,-0.21177523534037088,0.2677008740293107,3.040002098342015
8380000,1105,0.13021896722022272,-0.21085969084000572,0.2466724942443481,0.8377199039285903
8380000,1104,0.09886684723299331,-0.14015534337969224,0.182929233913666,1.208485890441109
8380000,1118,0.10519721353310121,0.06022937499830771,0.2800290716290642,1.0846197065365266
8380000,1127,0.11892905549393509,0.08339876112284637,0.31895729115741445,7.453348946223348
8380000,1120,0.041954552476845444,0.1000061740926783,0.17539692591008454,0.8313108159761428
8380000,1119,0.04729048954623561,0.09354736592925464,0.16413741026291684,0.7508085740702545
8380000,1124,0.05060241306899532,0.09078786765051433,0.1571488243328737,0.4853067116723049
8380000,1133,0.044813058618133374,0.10690850200525313,0.17081532051238715,0.6103222163469716
8380000,1129,0.04618144132299009,0.09164817740848638,0.15376313331998176,0.6662821937542638
8380000,1123,0.05072561702389702,0.08785594578496955,0.14490666810578912,0.7604669483863246
8380000,1121,0.05705976015446063,0.08982732205554818,0.14475192362346162,0.7422523110677788
8380000,1134,0.05068610076931354,0.10045485471377083,0.15831632818555175,0.5167362279627224
8380000,1135,0.05778430588682853,0.09157088782040576,0.14320994736717205,0.6583931942297746
8380000,1136,0.04840590051415984,0.10311068538269214,0.15475168664434388,0.4189406864618356
8380000,1140,0.055706998175613205,0.09542212877699507,0.14001507417419676,0.580157847266045
8380000,1138,0.04467899789720121,0.11041573079348942,0.15099230105196573,0.5789287039337128
8400000,1117,0.1551329513268194,-0.28166626762571684,0.3258348717847276,3.254824843061249
8400000,1105,0.13835058827217547,-0.22683566327956492,0.2871867325086849,2.215151495079722
8400000,1018,0.14632699099665722,-0.12214631381386422,0.23486928762461615,2.1632782441616563
8400000,1127,0.1737091119837411,0.009551147201987091,0.4285691627908932,7.153510864223393
8400000,1118,0.1390550578845779,0.10599647087350704,0.39554914636828237,6.439306708942557
8400000,1128,0.050911393698976105,0.10336046658827433,0.19019617869600502,0.7098394137468043
8400000,1123,0.050871155443966046,0.08320877566062292,0.1380415754433163,0.4145686579466489
8400000,1129,0.047567103790228604,0.09601361216334016,0.15383109199107473,0.22902892531826363
8400000,1138,0.033682303023963606,0.11668091588724795,0.15565098066687347,0.6743202839684217
8400000,1132,0.033211393512204826,0.12915944432887466,0.16331993073618264,1.1310535640517954
8400000,1139,0.04755260901394462,0.1076676902504661,0.1378236373712612,0.5576107864760387
8420000,1104,0.05644705876087161,-0.13622674883129637,0.1530323358645567,2.602257107831618
8420000,1106,0.05326407943700952,-0.14377618395243816,0.16012988186088287,3.0735483671692645
8420000,1133,0.03229352860294828,0.10661524658553263,0.16949331762863637,0.6296275132309606
